Region ; Prefix        ; Length ; Type               ; Tariff        ; Sms  ; Format            ; Provenance ; Comment
CN     ; 100           ; 3      ; COMMERCIAL         ; STANDARD_RATE
CN     ; 100           ; 5      ; COMMERCIAL         ; STANDARD_RATE ;      ; "shortcode_5-6"
CN     ; 10[12]        ; 5      ; COMMERCIAL         ; STANDARD_RATE
CN     ; 106[26]       ; 8      ; COMMERCIAL         ; PREMIUM_RATE  ; true ; "shortcode_8"
CN     ; 106[39][0-49] ; 8      ; COMMERCIAL         ; STANDARD_RATE ; true ; "shortcode_8"
CN     ; 106[39][5-8]  ; 12     ; COMMERCIAL         ; STANDARD_RATE ; true ; "shortcode_11-12"
CN     ; 1065          ; 5      ; COMMERCIAL         ; STANDARD_RATE ; true
CN     ; 1068          ; 8      ; COMMERCIAL         ; STANDARD_RATE ; true ; "shortcode_8"
CN     ; 10690         ; 11     ; COMMERCIAL         ; STANDARD_RATE ; true ; "shortcode_11-12"
CN     ; 108           ; 4      ; COMMERCIAL         ; STANDARD_RATE
CN     ; 11[09]        ; 3      ; EMERGENCY          ; TOLL_FREE
CN     ; 112           ; 3      ; COMMERCIAL         ; STANDARD_RATE ;      ;                   ; TELECOMS   ; "As of 2017"
CN     ; 114           ; 3      ; COMMERCIAL         ; STANDARD_RATE
CN     ; 120           ; 3      ; EMERGENCY          ; TOLL_FREE
CN     ; 121[02-9]     ; 5      ; EXPANDED_EMERGENCY ; TOLL_FREE     ;      ; "shortcode_5-6"
CN     ; 12110         ; 5      ; EXPANDED_EMERGENCY ; TOLL_FREE     ; true ; "shortcode_5-6"
CN     ; 1211[1-9]     ; 5      ; EXPANDED_EMERGENCY ; TOLL_FREE     ;      ; "shortcode_5-6"
CN     ; 122           ; 3      ; EXPANDED_EMERGENCY ; TOLL_FREE
CN     ; 123           ; 3      ; COMMERCIAL         ; STANDARD_RATE
CN     ; 123[0-8]      ; 5      ; COMMERCIAL         ; STANDARD_RATE
CN     ; 1239[0-46-9]  ; 5      ; COMMERCIAL         ; STANDARD_RATE
CN     ; 12395         ; 5      ; EXPANDED_EMERGENCY ; TOLL_FREE     ;      ; "shortcode_5-6"
CN     ; 16[08]        ; 3      ; COMMERCIAL         ; STANDARD_RATE
CN     ; 9[56]         ; 5,6    ; COMMERCIAL         ; STANDARD_RATE ;      ; "shortcode_5-6"
