Prefix ; Length ; Type                 ; Tariff        ; Operator ; Format       ; Regions ; Provenance ; Comment
[48]0  ; 6      ; VOICEMAIL            ; STANDARD_RATE ;          ; "fmt1_2/2/2" ; "WF"    ; ITU
50     ; 6      ; FIXED_LINE_OR_MOBILE ; STANDARD_RATE ;          ; "fmt1_2/2/2" ; "WF"
68     ; 6      ; FIXED_LINE_OR_MOBILE ; STANDARD_RATE ;          ; "fmt1_2/2/2" ; "WF"
72     ; 6      ; FIXED_LINE_OR_MOBILE ; STANDARD_RATE ; "spt"    ; "fmt1_2/2/2" ; "WF"    ; ITU
8[23]  ; 6      ; MOBILE               ; STANDARD_RATE ; "spt"    ; "fmt1_2/2/2" ; "WF"    ; ITU        ; "GOVERNMENT"
