Region ; Prefix     ; Length ; Type               ; Tariff    ; Carrier Specific ; Format
AT     ; 1[12]2     ; 3      ; EMERGENCY          ; TOLL_FREE
AT     ; 11600[06]  ; 6      ; EXPANDED_EMERGENCY ; TOLL_FREE ;                  ; "shortcode_6"
AT     ; 116117     ; 6      ; EXPANDED_EMERGENCY ; TOLL_FREE ;                  ; "shortcode_6"
AT     ; 116123     ; 6      ; EXPANDED_EMERGENCY ; TOLL_FREE ;                  ; "shortcode_6"
AT     ; 133        ; 3      ; EMERGENCY          ; TOLL_FREE
AT     ; 144        ; 3      ; EMERGENCY          ; TOLL_FREE
AT     ; 610        ; 3      ; COMMERCIAL         ;           ; true
AT     ; 8108[1-3]0 ; 6      ; COMMERCIAL         ;           ; true             ; "shortcode_6"
