Id         ; International Dialling Codes ; Name:en
__unknown  ; "0[0-3]x"
changi     ;                              ; "Changi Travel Services Pte Ltd"
m1         ;                              ; "M1"
myrepublic ;                              ; "myrepublic"
red_one    ;                              ; "red one"
simba      ;                              ; "Simba"
singtel    ;                              ; "SingTel"
starhub    ;                              ; "StarHub"
vivohub    ;                              ; "vivohub"
