Prefix       ; Length ; Type       ; Tariff        ; Operator      ; Format       ; Regions ; Provenance ; Comment
1800         ; 11     ; FIXED_LINE ; TOLL_FREE     ;               ; "fmt2_4/3/4" ; "SG"
1900         ; 11     ; FIXED_LINE ; PREMIUM_RATE  ;               ; "fmt2_4/3/4" ; "SG"
3[12]        ; 8      ; VOIP       ; STANDARD_RATE ;               ; "fmt1_4/4"   ; "SG"    ; GOVERNMENT ; "Government Dated MarcH 2019"
60           ; 8      ; FIXED_LINE ; STANDARD_RATE ;               ; "fmt1_4/4"   ; "SG"
6[1-578]     ; 8      ; FIXED_LINE ; STANDARD_RATE ;               ; "fmt1_4/4"   ; "SG"    ; GOVERNMENT ; "Government Dated March 2019"
660[0-4]     ; 8      ; FIXED_LINE ; STANDARD_RATE ;               ; "fmt1_4/4"   ; "SG"    ; GOVERNMENT ; "Government Dated March 2019"
660[5-9]     ; 8      ; FIXED_LINE ; STANDARD_RATE ;               ; "fmt1_4/4"   ; "SG"
661[0-28]    ; 8      ; FIXED_LINE ; STANDARD_RATE ;               ; "fmt1_4/4"   ; "SG"    ; GOVERNMENT ; "Government Dated March 2019"
661[3-79]    ; 8      ; FIXED_LINE ; STANDARD_RATE ;               ; "fmt1_4/4"   ; "SG"
662[014-9]   ; 8      ; FIXED_LINE ; STANDARD_RATE ;               ; "fmt1_4/4"   ; "SG"
6622         ; 8      ; FIXED_LINE ; STANDARD_RATE ;               ; "fmt1_4/4"   ; "SG"    ; GOVERNMENT ; "Government Dated March 2019"
66[3-57-9]   ; 8      ; FIXED_LINE ; STANDARD_RATE ;               ; "fmt1_4/4"   ; "SG"    ; GOVERNMENT ; "Government Dated March 2019"
6660         ; 8      ; VOIP       ; STANDARD_RATE ;               ; "fmt1_4/4"   ; "SG"    ;            ; "User report"
666[1-357-9] ; 8      ; VOIP       ; STANDARD_RATE ;               ; "fmt1_4/4"   ; "SG"    ; GOVERNMENT
6664         ; 8      ; VOIP       ; STANDARD_RATE ;               ; "fmt1_4/4"   ; "SG"    ;            ; "Added based on client T#04500532"
6666         ; 8      ; VOIP       ; STANDARD_RATE ;               ; "fmt1_4/4"   ; "SG"
69[0-356]    ; 8      ; FIXED_LINE ; STANDARD_RATE ;               ; "fmt1_4/4"   ; "SG"    ; GOVERNMENT ; "Government Dated March 2019"
697[0-5]     ; 8      ; FIXED_LINE ; STANDARD_RATE ;               ; "fmt1_4/4"   ; "SG"    ; GOVERNMENT ; "Government Dated March 2019"
697[6-9]     ; 8      ; FIXED_LINE ; STANDARD_RATE ;               ; "fmt1_4/4"   ; "SG"
698[0-79]    ; 8      ; FIXED_LINE ; STANDARD_RATE ;               ; "fmt1_4/4"   ; "SG"
6988         ; 8      ; FIXED_LINE ; STANDARD_RATE ;               ; "fmt1_4/4"   ; "SG"    ; GOVERNMENT ; "Government Dated March 2019"
699[0-57-9]  ; 8      ; FIXED_LINE ; STANDARD_RATE ;               ; "fmt1_4/4"   ; "SG"
6996         ; 8      ; FIXED_LINE ; STANDARD_RATE ;               ; "fmt1_4/4"   ; "SG"    ; GOVERNMENT ; "Government Dated March 2019"
7000         ; 11     ; UAN        ; STANDARD_RATE ;               ; "fmt3_4/4/3" ; "SG"    ; GOVERNMENT ; "Government Dated March 2019"
800          ; 10     ; FIXED_LINE ; TOLL_FREE     ;               ; "fmt4_3/3/4" ; "SG"    ; GOVERNMENT
801[0-7]     ; 8      ; MOBILE     ; STANDARD_RATE ; "simba"       ; "fmt1_4/4"   ; "SG"    ; IR21
801[89]      ; 8      ; MOBILE     ; STANDARD_RATE ; "singtel"     ; "fmt1_4/4"   ; "SG"    ; IR21
802[017-9]   ; 8      ; MOBILE     ; STANDARD_RATE ; "singtel"     ; "fmt1_4/4"   ; "SG"    ; IR21
802[23]      ; 8      ; MOBILE     ; STANDARD_RATE ; "m1"          ; "fmt1_4/4"   ; "SG"
8024         ; 8      ; MOBILE     ; STANDARD_RATE ; "simba"       ; "fmt1_4/4"   ; "SG"    ; IR21
802[56]      ; 8      ; MOBILE     ; STANDARD_RATE ; "m1"          ; "fmt1_4/4"   ; "SG"    ;            ; "User report"
803[016-9]   ; 8      ; MOBILE     ; STANDARD_RATE ; "singtel"     ; "fmt1_4/4"   ; "SG"    ; IR21
8032         ; 8      ; MOBILE     ; STANDARD_RATE ; "changi"      ; "fmt1_4/4"   ; "SG"    ;            ; "User report"
803[3-5]     ; 8      ; MOBILE     ; STANDARD_RATE ; "simba"       ; "fmt1_4/4"   ; "SG"    ; IR21
804[059]     ; 8      ; MOBILE     ; STANDARD_RATE ; "singtel"     ; "fmt1_4/4"   ; "SG"    ; IR21
804[167]     ; 8      ; MOBILE     ; STANDARD_RATE ; "m1"          ; "fmt1_4/4"   ; "SG"    ;            ; "User report"
804[23]      ; 8      ; MOBILE     ; STANDARD_RATE ; "m1"          ; "fmt1_4/4"   ; "SG"    ; IR21
8044         ; 8      ; MOBILE     ; STANDARD_RATE ; "m1"          ; "fmt1_4/4"   ; "SG"
8048         ; 8      ; MOBILE     ; STANDARD_RATE ; "myrepublic"  ; "fmt1_4/4"   ; "SG"    ;            ; "User report"
805[0-259]   ; 8      ; MOBILE     ; STANDARD_RATE ; "m1"          ; "fmt1_4/4"   ; "SG"    ; IR21
805[36-8]    ; 8      ; MOBILE     ; STANDARD_RATE ; "simba"       ; "fmt1_4/4"   ; "SG"    ; IR21
8054         ; 8      ; MOBILE     ; STANDARD_RATE ; "singtel"     ; "fmt1_4/4"   ; "SG"    ; IR21
806[0-689]   ; 8      ; MOBILE     ; STANDARD_RATE ; "simba"       ; "fmt1_4/4"   ; "SG"    ; IR21
8067         ; 8      ; MOBILE     ; STANDARD_RATE ; "singtel"     ; "fmt1_4/4"   ; "SG"    ; IR21
807[01]      ; 8      ; MOBILE     ; STANDARD_RATE ; "singtel"     ; "fmt1_4/4"   ; "SG"    ; IR21
807[2-9]     ; 8      ; MOBILE     ; STANDARD_RATE ; "simba"       ; "fmt1_4/4"   ; "SG"    ; IR21
808[015-9]   ; 8      ; MOBILE     ; STANDARD_RATE ; "simba"       ; "fmt1_4/4"   ; "SG"    ; IR21
808[24]      ; 8      ; MOBILE     ; STANDARD_RATE ; "singtel"     ; "fmt1_4/4"   ; "SG"    ; IR21
8083         ; 8      ; MOBILE     ; STANDARD_RATE ; "m1"          ; "fmt1_4/4"   ; "SG"    ; IR21
809[0359]    ; 8      ; MOBILE     ; STANDARD_RATE ; "singtel"     ; "fmt1_4/4"   ; "SG"    ; IR21
809[14]      ; 8      ; MOBILE     ; STANDARD_RATE ; "m1"          ; "fmt1_4/4"   ; "SG"    ; IR21
809[268]     ; 8      ; MOBILE     ; STANDARD_RATE ; "simba"       ; "fmt1_4/4"   ; "SG"    ; IR21
8097         ; 8      ; MOBILE     ; STANDARD_RATE ; "cuniq"       ; "fmt1_4/4"   ; "SG"    ; WEB        ; "User report"
81[07]       ; 8      ; MOBILE     ; STANDARD_RATE ; "m1"          ; "fmt1_4/4"   ; "SG"
81[1356]     ; 8      ; MOBILE     ; STANDARD_RATE ; "starhub"     ; "fmt1_4/4"   ; "SG"
812          ; 8      ; MOBILE     ; STANDARD_RATE ; "singtel"     ; "fmt1_4/4"   ; "SG"
8140         ; 8      ; MOBILE     ; STANDARD_RATE ; "singtel"     ; "fmt1_4/4"   ; "SG"    ; GOVERNMENT ; "Government Dated March 2019"
814[1-9]     ; 8      ; MOBILE     ; STANDARD_RATE ; "starhub"     ; "fmt1_4/4"   ; "SG"    ; GOVERNMENT ; "Government Dated March 2019"
818[03-79]   ; 8      ; MOBILE     ; STANDARD_RATE ; "starhub"     ; "fmt1_4/4"   ; "SG"
818[12]      ; 8      ; MOBILE     ; STANDARD_RATE ; "singtel"     ; "fmt1_4/4"   ; "SG"
8188         ; 8      ; MOBILE     ; STANDARD_RATE ; "m1"          ; "fmt1_4/4"   ; "SG"
819[0-79]    ; 8      ; MOBILE     ; STANDARD_RATE ; "m1"          ; "fmt1_4/4"   ; "SG"
8198         ; 8      ; MOBILE     ; STANDARD_RATE ; "starhub"     ; "fmt1_4/4"   ; "SG"
82[045]      ; 8      ; MOBILE     ; STANDARD_RATE ; "starhub"     ; "fmt1_4/4"   ; "SG"
821[0-79]    ; 8      ; MOBILE     ; STANDARD_RATE ; "m1"          ; "fmt1_4/4"   ; "SG"
8218         ; 8      ; MOBILE     ; STANDARD_RATE ; "singtel"     ; "fmt1_4/4"   ; "SG"
822[014-79]  ; 8      ; MOBILE     ; STANDARD_RATE ; "starhub"     ; "fmt1_4/4"   ; "SG"
8222         ; 8      ; MOBILE     ; STANDARD_RATE ; "m1"          ; "fmt1_4/4"   ; "SG"
822[38]      ; 8      ; MOBILE     ; STANDARD_RATE ; "singtel"     ; "fmt1_4/4"   ; "SG"
823          ; 8      ; MOBILE     ; STANDARD_RATE ; "starhub"     ; "fmt1_4/4"   ; "SG"    ; GOVERNMENT ; "Government Dated March 2019"
826[0-79]    ; 8      ; MOBILE     ; STANDARD_RATE ; "singtel"     ; "fmt1_4/4"   ; "SG"
8268         ; 8      ; MOBILE     ; STANDARD_RATE ; "starhub"     ; "fmt1_4/4"   ; "SG"
827[0-35-9]  ; 8      ; MOBILE     ; STANDARD_RATE ; "m1"          ; "fmt1_4/4"   ; "SG"    ; IR21
8274         ; 8      ; MOBILE     ; STANDARD_RATE ; "simba"       ; "fmt1_4/4"   ; "SG"    ; IR21
828[013-79]  ; 8      ; MOBILE     ; STANDARD_RATE ; "singtel"     ; "fmt1_4/4"   ; "SG"
828[28]      ; 8      ; MOBILE     ; STANDARD_RATE ; "m1"          ; "fmt1_4/4"   ; "SG"
829[0-8]     ; 8      ; MOBILE     ; STANDARD_RATE ; "starhub"     ; "fmt1_4/4"   ; "SG"
8299         ; 8      ; MOBILE     ; STANDARD_RATE ; "singtel"     ; "fmt1_4/4"   ; "SG"
83[014]      ; 8      ; MOBILE     ; STANDARD_RATE ; "singtel"     ; "fmt1_4/4"   ; "SG"
832[03-69]   ; 8      ; MOBILE     ; STANDARD_RATE ; "m1"          ; "fmt1_4/4"   ; "SG"
832[128]     ; 8      ; MOBILE     ; STANDARD_RATE ; "starhub"     ; "fmt1_4/4"   ; "SG"
83[29]7      ; 8      ; MOBILE     ; STANDARD_RATE ;               ; "fmt1_4/4"   ; "SG"
833[0-24-7]  ; 8      ; MOBILE     ; STANDARD_RATE ; "starhub"     ; "fmt1_4/4"   ; "SG"
8333         ; 8      ; MOBILE     ; STANDARD_RATE ; "m1"          ; "fmt1_4/4"   ; "SG"
833[89]      ; 8      ; MOBILE     ; STANDARD_RATE ; "singtel"     ; "fmt1_4/4"   ; "SG"
835[013-9]   ; 8      ; MOBILE     ; STANDARD_RATE ; "singtel"     ; "fmt1_4/4"   ; "SG"
8352         ; 8      ; MOBILE     ; STANDARD_RATE ; "starhub"     ; "fmt1_4/4"   ; "SG"
8360         ; 8      ; MOBILE     ; STANDARD_RATE ; "singtel"     ; "fmt1_4/4"   ; "SG"
836[1-479]   ; 8      ; MOBILE     ; STANDARD_RATE ; "starhub"     ; "fmt1_4/4"   ; "SG"
8365         ; 8      ; MOBILE     ; STANDARD_RATE ; "starhub"     ; "fmt1_4/4"   ; "SG"    ; GOVERNMENT ; "Government Dated March 2019"
836[68]      ; 8      ; MOBILE     ; STANDARD_RATE ; "m1"          ; "fmt1_4/4"   ; "SG"
837[0378]    ; 8      ; MOBILE     ; STANDARD_RATE ; "starhub"     ; "fmt1_4/4"   ; "SG"
837[124-69]  ; 8      ; MOBILE     ; STANDARD_RATE ; "singtel"     ; "fmt1_4/4"   ; "SG"
838[049]     ; 8      ; MOBILE     ; STANDARD_RATE ; "starhub"     ; "fmt1_4/4"   ; "SG"
838[15-7]    ; 8      ; MOBILE     ; STANDARD_RATE ; "singtel"     ; "fmt1_4/4"   ; "SG"
838[238]     ; 8      ; MOBILE     ; STANDARD_RATE ; "m1"          ; "fmt1_4/4"   ; "SG"
839[0-24-6]  ; 8      ; MOBILE     ; STANDARD_RATE ; "starhub"     ; "fmt1_4/4"   ; "SG"
839[389]     ; 8      ; MOBILE     ; STANDARD_RATE ; "singtel"     ; "fmt1_4/4"   ; "SG"
8400         ; 8      ; MOBILE     ; STANDARD_RATE ; "starhub"     ; "fmt1_4/4"   ; "SG"
840[1-9]     ; 8      ; MOBILE     ; STANDARD_RATE ; "singtel"     ; "fmt1_4/4"   ; "SG"
841[02-9]    ; 8      ; MOBILE     ; STANDARD_RATE ; "m1"          ; "fmt1_4/4"   ; "SG"
8411         ; 8      ; MOBILE     ; STANDARD_RATE ; "singtel"     ; "fmt1_4/4"   ; "SG"
84[23]       ; 8      ; MOBILE     ; STANDARD_RATE ; "singtel"     ; "fmt1_4/4"   ; "SG"
844          ; 8      ; MOBILE     ; STANDARD_RATE ; "m1"          ; "fmt1_4/4"   ; "SG"
845[0-57-9]  ; 8      ; MOBILE     ; STANDARD_RATE ; "singtel"     ; "fmt1_4/4"   ; "SG"
84[59]6      ; 8      ; MOBILE     ; STANDARD_RATE ; "m1"          ; "fmt1_4/4"   ; "SG"    ; GOVERNMENT ; "Government Dated March 2019"
846[0-79]    ; 8      ; MOBILE     ; STANDARD_RATE ; "m1"          ; "fmt1_4/4"   ; "SG"
84[69]8      ; 8      ; MOBILE     ; STANDARD_RATE ; "starhub"     ; "fmt1_4/4"   ; "SG"
847          ; 8      ; MOBILE     ; STANDARD_RATE ; "starhub"     ; "fmt1_4/4"   ; "SG"    ; GOVERNMENT ; "Government Dated March 2019"
848          ; 8      ; MOBILE     ; STANDARD_RATE ; "m1"          ; "fmt1_4/4"   ; "SG"    ; GOVERNMENT ; "Government Dated March 2019"
849[0-5]     ; 8      ; MOBILE     ; STANDARD_RATE ; "starhub"     ; "fmt1_4/4"   ; "SG"    ; GOVERNMENT ; "Government Dated March 2019"
8497         ; 8      ; MOBILE     ; STANDARD_RATE ; "singtel"     ; "fmt1_4/4"   ; "SG"    ; GOVERNMENT ; "Government Dated March 2019"
8499         ; 8      ; MOBILE     ; STANDARD_RATE ; "singtel"     ; "fmt1_4/4"   ; "SG"
8500         ; 8      ; MOBILE     ; STANDARD_RATE ; "m1"          ; "fmt1_4/4"   ; "SG"
850[13589]   ; 8      ; MOBILE     ; STANDARD_RATE ; "starhub"     ; "fmt1_4/4"   ; "SG"
850[2467]    ; 8      ; MOBILE     ; STANDARD_RATE ; "singtel"     ; "fmt1_4/4"   ; "SG"    ; GOVERNMENT ; "Government Dated March 2019"
851[018]     ; 8      ; MOBILE     ; STANDARD_RATE ; "singtel"     ; "fmt1_4/4"   ; "SG"
851[2-49]    ; 8      ; MOBILE     ; STANDARD_RATE ; "starhub"     ; "fmt1_4/4"   ; "SG"
85[127]5     ; 8      ; MOBILE     ; STANDARD_RATE ; "singtel"     ; "fmt1_4/4"   ; "SG"    ; GOVERNMENT ; "Government Dated March 2019"
851[67]      ; 8      ; MOBILE     ; STANDARD_RATE ; "starhub"     ; "fmt1_4/4"   ; "SG"    ; GOVERNMENT ; "Government Dated March 2019"
852[018]     ; 8      ; MOBILE     ; STANDARD_RATE ; "starhub"     ; "fmt1_4/4"   ; "SG"
852[2-4]     ; 8      ; MOBILE     ; STANDARD_RATE ; "singtel"     ; "fmt1_4/4"   ; "SG"
852[679]     ; 8      ; MOBILE     ; STANDARD_RATE ; "starhub"     ; "fmt1_4/4"   ; "SG"    ; GOVERNMENT ; "Government Dated March 2019"
853[0-2]     ; 8      ; MOBILE     ; STANDARD_RATE ; "starhub"     ; "fmt1_4/4"   ; "SG"    ; GOVERNMENT ; "Government Dated March 2019"
8533         ; 8      ; MOBILE     ; STANDARD_RATE ; "singtel"     ; "fmt1_4/4"   ; "SG"
853[4-7]     ; 8      ; MOBILE     ; STANDARD_RATE ; "singtel"     ; "fmt1_4/4"   ; "SG"    ; GOVERNMENT ; "Government Dated March 2019"
8538         ; 8      ; MOBILE     ; STANDARD_RATE ; "starhub"     ; "fmt1_4/4"   ; "SG"
8539         ; 8      ; MOBILE     ; STANDARD_RATE ; "m1"          ; "fmt1_4/4"   ; "SG"
854          ; 8      ; MOBILE     ; STANDARD_RATE ; "m1"          ; "fmt1_4/4"   ; "SG"
855[0-68]    ; 8      ; MOBILE     ; STANDARD_RATE ; "m1"          ; "fmt1_4/4"   ; "SG"    ; GOVERNMENT ; "Government Dated March 2019"
8557         ; 8      ; MOBILE     ; STANDARD_RATE ; "starhub"     ; "fmt1_4/4"   ; "SG"    ; GOVERNMENT ; "Government Dated March 2019"
8559         ; 8      ; MOBILE     ; STANDARD_RATE ; "starhub"     ; "fmt1_4/4"   ; "SG"
856          ; 8      ; MOBILE     ; STANDARD_RATE ; "starhub"     ; "fmt1_4/4"   ; "SG"
857[0-2]     ; 8      ; MOBILE     ; STANDARD_RATE ; "starhub"     ; "fmt1_4/4"   ; "SG"
857[346-9]   ; 8      ; MOBILE     ; STANDARD_RATE ; "m1"          ; "fmt1_4/4"   ; "SG"    ; GOVERNMENT ; "Government Dated March 2019"
858[0158]    ; 8      ; MOBILE     ; STANDARD_RATE ; "m1"          ; "fmt1_4/4"   ; "SG"    ; GOVERNMENT ; "Government Dated March 2019"
858[2-4679]  ; 8      ; MOBILE     ; STANDARD_RATE ; "singtel"     ; "fmt1_4/4"   ; "SG"    ; GOVERNMENT ; "Government Dated March 2019"
859[015]     ; 8      ; MOBILE     ; STANDARD_RATE ; "singtel"     ; "fmt1_4/4"   ; "SG"    ; GOVERNMENT ; "Government Dated March 2019"
859[23]      ; 8      ; MOBILE     ; STANDARD_RATE ; "starhub"     ; "fmt1_4/4"   ; "SG"
859[46-9]    ; 8      ; MOBILE     ; STANDARD_RATE ; "starhub"     ; "fmt1_4/4"   ; "SG"    ; GOVERNMENT ; "Government Dated March 2019"
86[03]0      ; 8      ; MOBILE     ; STANDARD_RATE ; "m1"          ; "fmt1_4/4"   ; "SG"
860[1-9]     ; 8      ; MOBILE     ; STANDARD_RATE ; "starhub"     ; "fmt1_4/4"   ; "SG"
861[05-9]    ; 8      ; MOBILE     ; STANDARD_RATE ; "singtel"     ; "fmt1_4/4"   ; "SG"
861[1-4]     ; 8      ; MOBILE     ; STANDARD_RATE ; "m1"          ; "fmt1_4/4"   ; "SG"
862[0-2]     ; 8      ; MOBILE     ; STANDARD_RATE ; "singtel"     ; "fmt1_4/4"   ; "SG"
862[3-9]     ; 8      ; MOBILE     ; STANDARD_RATE ; "m1"          ; "fmt1_4/4"   ; "SG"
863[13-9]    ; 8      ; MOBILE     ; STANDARD_RATE ; "singtel"     ; "fmt1_4/4"   ; "SG"
8632         ; 8      ; MOBILE     ; STANDARD_RATE ; "singtel"     ; "fmt1_4/4"   ; "SG"    ; GOVERNMENT ; "Government Dated March 2019"
864[06-9]    ; 8      ; MOBILE     ; STANDARD_RATE ; "singtel"     ; "fmt1_4/4"   ; "SG"
864[1-5]     ; 8      ; MOBILE     ; STANDARD_RATE ; "m1"          ; "fmt1_4/4"   ; "SG"
865[0-7]     ; 8      ; MOBILE     ; STANDARD_RATE ; "singtel"     ; "fmt1_4/4"   ; "SG"
865[89]      ; 8      ; MOBILE     ; STANDARD_RATE ; "starhub"     ; "fmt1_4/4"   ; "SG"
866[01]      ; 8      ; MOBILE     ; STANDARD_RATE ; "starhub"     ; "fmt1_4/4"   ; "SG"
866[2-579]   ; 8      ; MOBILE     ; STANDARD_RATE ; "singtel"     ; "fmt1_4/4"   ; "SG"
866[68]      ; 8      ; MOBILE     ; STANDARD_RATE ; "m1"          ; "fmt1_4/4"   ; "SG"
867          ; 8      ; MOBILE     ; STANDARD_RATE ; "singtel"     ; "fmt1_4/4"   ; "SG"
868[0-29]    ; 8      ; MOBILE     ; STANDARD_RATE ; "starhub"     ; "fmt1_4/4"   ; "SG"
868[3-8]     ; 8      ; MOBILE     ; STANDARD_RATE ; "m1"          ; "fmt1_4/4"   ; "SG"
8690         ; 8      ; MOBILE     ; STANDARD_RATE ; "starhub"     ; "fmt1_4/4"   ; "SG"
869[1-39]    ; 8      ; MOBILE     ; STANDARD_RATE ; "m1"          ; "fmt1_4/4"   ; "SG"
869[4-8]     ; 8      ; MOBILE     ; STANDARD_RATE ; "singtel"     ; "fmt1_4/4"   ; "SG"
87[09]0      ; 8      ; MOBILE     ; STANDARD_RATE ; "starhub"     ; "fmt1_4/4"   ; "SG"
870[1-9]     ; 8      ; MOBILE     ; STANDARD_RATE ; "singtel"     ; "fmt1_4/4"   ; "SG"
871[023]     ; 8      ; MOBILE     ; STANDARD_RATE ; "singtel"     ; "fmt1_4/4"   ; "SG"
871[14-9]    ; 8      ; MOBILE     ; STANDARD_RATE ; "m1"          ; "fmt1_4/4"   ; "SG"
872[013]     ; 8      ; MOBILE     ; STANDARD_RATE ; "m1"          ; "fmt1_4/4"   ; "SG"
872[24-9]    ; 8      ; MOBILE     ; STANDARD_RATE ; "starhub"     ; "fmt1_4/4"   ; "SG"
873[0-24-6]  ; 8      ; MOBILE     ; STANDARD_RATE ; "singtel"     ; "fmt1_4/4"   ; "SG"
873[38]      ; 8      ; MOBILE     ; STANDARD_RATE ; "m1"          ; "fmt1_4/4"   ; "SG"
873[79]      ; 8      ; MOBILE     ; STANDARD_RATE ; "singtel"     ; "fmt1_4/4"   ; "SG"    ; GOVERNMENT ; "Government Dated March 2019"
874[013-7]   ; 8      ; MOBILE     ; STANDARD_RATE ; "singtel"     ; "fmt1_4/4"   ; "SG"    ; GOVERNMENT ; "Government Dated March 2019"
874[289]     ; 8      ; MOBILE     ; STANDARD_RATE ; "m1"          ; "fmt1_4/4"   ; "SG"    ; GOVERNMENT ; "Government Dated March 2019"
875[0-3]     ; 8      ; MOBILE     ; STANDARD_RATE ; "m1"          ; "fmt1_4/4"   ; "SG"    ; GOVERNMENT ; "Government Dated March 2019"
875[45]      ; 8      ; MOBILE     ; STANDARD_RATE ; "myrepublic"  ; "fmt1_4/4"   ; "SG"    ; GOVERNMENT ; "Government Dated March 2019"
875[6-9]     ; 8      ; MOBILE     ; STANDARD_RATE ; "red_one"     ; "fmt1_4/4"   ; "SG"    ; GOVERNMENT ; "Government Dated March 2019"
8760         ; 8      ; MOBILE     ; STANDARD_RATE ; "red_one"     ; "fmt1_4/4"   ; "SG"    ; GOVERNMENT ; "Government Dated March 2019"
8761         ; 8      ; MOBILE     ; STANDARD_RATE ; "simba"       ; "fmt1_4/4"   ; "SG"    ; IR21
876[2-4]     ; 8      ; MOBILE     ; STANDARD_RATE ; "singtel"     ; "fmt1_4/4"   ; "SG"    ; GOVERNMENT ; "Government Dated March 2019"
8765         ; 8      ; MOBILE     ; STANDARD_RATE ; "starhub"     ; "fmt1_4/4"   ; "SG"
8766         ; 8      ; MOBILE     ; STANDARD_RATE ; "m1"          ; "fmt1_4/4"   ; "SG"
876[78]      ; 8      ; MOBILE     ; STANDARD_RATE ; "m1"          ; "fmt1_4/4"   ; "SG"    ; GOVERNMENT ; "Government Dated March 2019"
8769         ; 8      ; MOBILE     ; STANDARD_RATE ; "myrepublic"  ; "fmt1_4/4"   ; "SG"    ; GOVERNMENT ; "Government Dated March 2019"
877[0-2]     ; 8      ; MOBILE     ; STANDARD_RATE ; "vivohub"     ; "fmt1_4/4"   ; "SG"    ; GOVERNMENT ; "Government Dated March 2019"
877[3-5]     ; 8      ; MOBILE     ; STANDARD_RATE ; "singtel"     ; "fmt1_4/4"   ; "SG"    ; GOVERNMENT ; "Government Dated March 2019"
877[69]      ; 8      ; MOBILE     ; STANDARD_RATE ; "m1"          ; "fmt1_4/4"   ; "SG"    ; GOVERNMENT ; "Government Dated March 2019"
877[78]      ; 8      ; MOBILE     ; STANDARD_RATE ; "m1"          ; "fmt1_4/4"   ; "SG"
878[03-5]    ; 8      ; MOBILE     ; STANDARD_RATE ; "m1"          ; "fmt1_4/4"   ; "SG"    ; GOVERNMENT ; "Government Dated March 2019"
878[126-8]   ; 8      ; MOBILE     ; STANDARD_RATE ; "m1"          ; "fmt1_4/4"   ; "SG"
8789         ; 8      ; MOBILE     ; STANDARD_RATE ; "starhub"     ; "fmt1_4/4"   ; "SG"
8791         ; 8      ; MOBILE     ; STANDARD_RATE ; "myrepublic"  ; "fmt1_4/4"   ; "SG"    ; GOVERNMENT ; "Government Dated March 2019"
879[23]      ; 8      ; MOBILE     ; STANDARD_RATE ; "m1"          ; "fmt1_4/4"   ; "SG"    ; GOVERNMENT ; "Government Dated March 2019"
879[45]      ; 8      ; MOBILE     ; STANDARD_RATE ;               ; "fmt1_4/4"   ; "SG"
8796         ; 8      ; MOBILE     ; STANDARD_RATE ; "simba"       ; "fmt1_4/4"   ; "SG"    ; IR21
8797         ; 8      ; MOBILE     ; STANDARD_RATE ; "m1"          ; "fmt1_4/4"   ; "SG"
879[89]      ; 8      ; MOBILE     ; STANDARD_RATE ; "singtel"     ; "fmt1_4/4"   ; "SG"
8800         ; 8      ; MOBILE     ; STANDARD_RATE ; "m1"          ; "fmt1_4/4"   ; "SG"
880[1-7]     ; 8      ; MOBILE     ; STANDARD_RATE ; "simba"       ; "fmt1_4/4"   ; "SG"    ; IR21
8808         ; 8      ; MOBILE     ; STANDARD_RATE ; "m1"          ; "fmt1_4/4"   ; "SG"    ; GOVERNMENT ; "Government Dated March 2019"
8809         ; 8      ; MOBILE     ; STANDARD_RATE ; "singtel"     ; "fmt1_4/4"   ; "SG"    ; GOVERNMENT ; "Government Dated March 2019"
881[09]      ; 8      ; MOBILE     ; STANDARD_RATE ; "simba"       ; "fmt1_4/4"   ; "SG"    ; IR21
881[1-368]   ; 8      ; MOBILE     ; STANDARD_RATE ; "m1"          ; "fmt1_4/4"   ; "SG"    ; GOVERNMENT
881[457]     ; 8      ; MOBILE     ; STANDARD_RATE ; "m1"          ; "fmt1_4/4"   ; "SG"    ; GOVERNMENT ; "Government Dated March 2019"
882[0-368]   ; 8      ; MOBILE     ; STANDARD_RATE ; "m1"          ; "fmt1_4/4"   ; "SG"    ; GOVERNMENT
882[457]     ; 8      ; MOBILE     ; STANDARD_RATE ; "simba"       ; "fmt1_4/4"   ; "SG"    ; IR21
8829         ; 8      ; MOBILE     ; STANDARD_RATE ; "starhub"     ; "fmt1_4/4"   ; "SG"    ; GOVERNMENT
883[01]      ; 8      ; MOBILE     ; STANDARD_RATE ; "starhub"     ; "fmt1_4/4"   ; "SG"
883[24-79]   ; 8      ; MOBILE     ; STANDARD_RATE ; "simba"       ; "fmt1_4/4"   ; "SG"    ; IR21
883[38]      ; 8      ; MOBILE     ; STANDARD_RATE ; "m1"          ; "fmt1_4/4"   ; "SG"
884[0156]    ; 8      ; MOBILE     ; STANDARD_RATE ; "singtel"     ; "fmt1_4/4"   ; "SG"    ; IR21
884[23]      ; 8      ; MOBILE     ; STANDARD_RATE ; "vivohub"     ; "fmt1_4/4"   ; "SG"    ; GOVERNMENT ; "Government Dated March 2019"
884[48]      ; 8      ; MOBILE     ; STANDARD_RATE ; "m1"          ; "fmt1_4/4"   ; "SG"    ; GOVERNMENT
884[79]      ; 8      ; MOBILE     ; STANDARD_RATE ; "simba"       ; "fmt1_4/4"   ; "SG"    ; IR21
885[0-4679]  ; 8      ; MOBILE     ; STANDARD_RATE ; "simba"       ; "fmt1_4/4"   ; "SG"    ; IR21
885[58]      ; 8      ; MOBILE     ; STANDARD_RATE ; "m1"          ; "fmt1_4/4"   ; "SG"
886[0134]    ; 8      ; MOBILE     ; STANDARD_RATE ;               ; "fmt1_4/4"   ; "SG"
886[268]     ; 8      ; MOBILE     ; STANDARD_RATE ; "m1"          ; "fmt1_4/4"   ; "SG"
8865         ; 8      ; MOBILE     ; STANDARD_RATE ; "simba"       ; "fmt1_4/4"   ; "SG"    ; IR21
8867         ; 8      ; MOBILE     ; STANDARD_RATE ; "m1"          ; "fmt1_4/4"   ; "SG"    ; IR21
8869         ; 8      ; MOBILE     ; STANDARD_RATE ; "singtel"     ; "fmt1_4/4"   ; "SG"
887[0-589]   ; 8      ; MOBILE     ; STANDARD_RATE ;               ; "fmt1_4/4"   ; "SG"
8876         ; 8      ; MOBILE     ; STANDARD_RATE ; "singtel"     ; "fmt1_4/4"   ; "SG"
8877         ; 8      ; MOBILE     ; STANDARD_RATE ; "m1"          ; "fmt1_4/4"   ; "SG"
888          ; 8      ; MOBILE     ; STANDARD_RATE ;               ; "fmt1_4/4"   ; "SG"
889[0-4]     ; 8      ; MOBILE     ; STANDARD_RATE ; "m1"          ; "fmt1_4/4"   ; "SG"    ; GOVERNMENT ; "Government Dated March 2019"
889[5-9]     ; 8      ; MOBILE     ; STANDARD_RATE ; "simba"       ; "fmt1_4/4"   ; "SG"    ; IR21
89[03][0-4]  ; 8      ; MOBILE     ; STANDARD_RATE ; "simba"       ; "fmt1_4/4"   ; "SG"    ; IR21
890[5-9]     ; 8      ; MOBILE     ; STANDARD_RATE ; "singtel"     ; "fmt1_4/4"   ; "SG"
891          ; 8      ; MOBILE     ; STANDARD_RATE ; "simba"       ; "fmt1_4/4"   ; "SG"    ; IR21
8920         ; 8      ; MOBILE     ; STANDARD_RATE ; "starhub"     ; "fmt1_4/4"   ; "SG"
892[1-3]     ; 8      ; MOBILE     ; STANDARD_RATE ; "m1"          ; "fmt1_4/4"   ; "SG"    ; INTERNAL   ; "User report b/147178384"
89[24][4-8]  ; 8      ; MOBILE     ; STANDARD_RATE ; "simba"       ; "fmt1_4/4"   ; "SG"    ; IR21
8929         ; 8      ; MOBILE     ; STANDARD_RATE ; "singtel"     ; "fmt1_4/4"   ; "SG"    ; IR21
893[5-7]     ; 8      ; MOBILE     ; STANDARD_RATE ; "m1"          ; "fmt1_4/4"   ; "SG"
893[89]      ; 8      ; MOBILE     ; STANDARD_RATE ; "singtel"     ; "fmt1_4/4"   ; "SG"    ; IR21
894[0-3]     ; 8      ; MOBILE     ; STANDARD_RATE ; "singtel"     ; "fmt1_4/4"   ; "SG"    ; IR21
8949         ; 8      ; MOBILE     ; STANDARD_RATE ; "m1"          ; "fmt1_4/4"   ; "SG"
895[0-2]     ; 8      ; MOBILE     ; STANDARD_RATE ; "m1"          ; "fmt1_4/4"   ; "SG"    ;            ; "User report"
895[3-9]     ; 8      ; MOBILE     ; STANDARD_RATE ; "simba"       ; "fmt1_4/4"   ; "SG"
896[0-26-9]  ; 8      ; MOBILE     ; STANDARD_RATE ; "simba"       ; "fmt1_4/4"   ; "SG"    ; IR21
896[3-5]     ; 8      ; MOBILE     ; STANDARD_RATE ; "singtel"     ; "fmt1_4/4"   ; "SG"    ; IR21
897[03-589]  ; 8      ; MOBILE     ; STANDARD_RATE ; "simba"       ; "fmt1_4/4"   ; "SG"    ; IR21
8971         ; 8      ; MOBILE     ; STANDARD_RATE ; "circle_life" ; "fmt1_4/4"   ; "SG"    ; WEB
897[267]     ; 8      ; MOBILE     ; STANDARD_RATE ; "singtel"     ; "fmt1_4/4"   ; "SG"    ; IR21
898[06-9]    ; 8      ; MOBILE     ; STANDARD_RATE ; "simba"       ; "fmt1_4/4"   ; "SG"    ; IR21
898[2-5]     ; 8      ; MOBILE     ; STANDARD_RATE ; "singtel"     ; "fmt1_4/4"   ; "SG"    ; IR21
899[06]      ; 8      ; MOBILE     ; STANDARD_RATE ; "singtel"     ; "fmt1_4/4"   ; "SG"    ; IR21
899[15]      ; 8      ; MOBILE     ; STANDARD_RATE ; "m1"          ; "fmt1_4/4"   ; "SG"    ; IR21
899[2-4]     ; 8      ; MOBILE     ; STANDARD_RATE ; "simba"       ; "fmt1_4/4"   ; "SG"    ; IR21
9000         ; 8      ; MOBILE     ; STANDARD_RATE ;               ; "fmt1_4/4"   ; "SG"
900[1-9]     ; 8      ; MOBILE     ; STANDARD_RATE ; "starhub"     ; "fmt1_4/4"   ; "SG"
90[1358]     ; 8      ; MOBILE     ; STANDARD_RATE ; "singtel"     ; "fmt1_4/4"   ; "SG"
90[26]       ; 8      ; MOBILE     ; STANDARD_RATE ; "starhub"     ; "fmt1_4/4"   ; "SG"
90[479]      ; 8      ; MOBILE     ; STANDARD_RATE ; "m1"          ; "fmt1_4/4"   ; "SG"
91[0468]     ; 8      ; MOBILE     ; STANDARD_RATE ; "starhub"     ; "fmt1_4/4"   ; "SG"
91[12]       ; 8      ; MOBILE     ; STANDARD_RATE ; "singtel"     ; "fmt1_4/4"   ; "SG"    ; GOVERNMENT ; "Government Dated March 2019"
91[357]      ; 8      ; MOBILE     ; STANDARD_RATE ; "singtel"     ; "fmt1_4/4"   ; "SG"
919[0-8]     ; 8      ; MOBILE     ; STANDARD_RATE ; "m1"          ; "fmt1_4/4"   ; "SG"
9199         ; 8      ; MOBILE     ; STANDARD_RATE ; "starhub"     ; "fmt1_4/4"   ; "SG"
92[01568]    ; 8      ; MOBILE     ; STANDARD_RATE ;               ; "fmt1_4/4"   ; "SG"
922          ; 8      ; MOBILE     ; STANDARD_RATE ; "m1"          ; "fmt1_4/4"   ; "SG"
923[0-6]     ; 8      ; MOBILE     ; STANDARD_RATE ; "singtel"     ; "fmt1_4/4"   ; "SG"
923[7-9]     ; 8      ; MOBILE     ; STANDARD_RATE ; "starhub"     ; "fmt1_4/4"   ; "SG"
924          ; 8      ; MOBILE     ; STANDARD_RATE ; "starhub"     ; "fmt1_4/4"   ; "SG"
927[0-2]     ; 8      ; MOBILE     ; STANDARD_RATE ; "starhub"     ; "fmt1_4/4"   ; "SG"
927[3-9]     ; 8      ; MOBILE     ; STANDARD_RATE ; "m1"          ; "fmt1_4/4"   ; "SG"
929[0-4]     ; 8      ; MOBILE     ; STANDARD_RATE ;               ; "fmt1_4/4"   ; "SG"
929[5-9]     ; 8      ; MOBILE     ; STANDARD_RATE ; "singtel"     ; "fmt1_4/4"   ; "SG"
93[01]       ; 8      ; MOBILE     ; STANDARD_RATE ;               ; "fmt1_4/4"   ; "SG"
93[246]      ; 8      ; MOBILE     ; STANDARD_RATE ; "m1"          ; "fmt1_4/4"   ; "SG"
933[0-3]     ; 8      ; MOBILE     ; STANDARD_RATE ;               ; "fmt1_4/4"   ; "SG"
9334         ; 8      ; MOBILE     ; STANDARD_RATE ; "singtel"     ; "fmt1_4/4"   ; "SG"
933[5-9]     ; 8      ; MOBILE     ; STANDARD_RATE ; "starhub"     ; "fmt1_4/4"   ; "SG"
93[57]       ; 8      ; MOBILE     ; STANDARD_RATE ; "singtel"     ; "fmt1_4/4"   ; "SG"    ; GOVERNMENT ; "Government Dated March 2019"
938          ; 8      ; MOBILE     ; STANDARD_RATE ; "starhub"     ; "fmt1_4/4"   ; "SG"
939          ; 8      ; MOBILE     ; STANDARD_RATE ; "singtel"     ; "fmt1_4/4"   ; "SG"
94[01]       ; 8      ; MOBILE     ; STANDARD_RATE ;               ; "fmt1_4/4"   ; "SG"
94[258]      ; 8      ; MOBILE     ; STANDARD_RATE ; "starhub"     ; "fmt1_4/4"   ; "SG"
94[37]       ; 8      ; MOBILE     ; STANDARD_RATE ; "m1"          ; "fmt1_4/4"   ; "SG"
944          ; 8      ; MOBILE     ; STANDARD_RATE ; "singtel"     ; "fmt1_4/4"   ; "SG"    ; GOVERNMENT ; "Government Dated March 2019"
946          ; 8      ; MOBILE     ; STANDARD_RATE ; "singtel"     ; "fmt1_4/4"   ; "SG"
949[0-8]     ; 8      ; MOBILE     ; STANDARD_RATE ;               ; "fmt1_4/4"   ; "SG"
9499         ; 8      ; MOBILE     ; STANDARD_RATE ; "starhub"     ; "fmt1_4/4"   ; "SG"
95           ; 8      ; MOBILE     ; STANDARD_RATE ;               ; "fmt1_4/4"   ; "SG"
9[67]0       ; 8      ; MOBILE     ; STANDARD_RATE ;               ; "fmt1_4/4"   ; "SG"
96[13-7]     ; 8      ; MOBILE     ; STANDARD_RATE ; "singtel"     ; "fmt1_4/4"   ; "SG"
962          ; 8      ; MOBILE     ; STANDARD_RATE ; "singtel"     ; "fmt1_4/4"   ; "SG"    ; GOVERNMENT ; "Government Dated March 2019"
96[89]       ; 8      ; MOBILE     ; STANDARD_RATE ; "m1"          ; "fmt1_4/4"   ; "SG"
971          ; 8      ; MOBILE     ; STANDARD_RATE ; "singtel"     ; "fmt1_4/4"   ; "SG"    ; GOVERNMENT ; "Government Dated March 2019"
97[23578]    ; 8      ; MOBILE     ; STANDARD_RATE ; "singtel"     ; "fmt1_4/4"   ; "SG"
97[469]      ; 8      ; MOBILE     ; STANDARD_RATE ; "m1"          ; "fmt1_4/4"   ; "SG"
9800         ; 8      ; MOBILE     ; STANDARD_RATE ; "starhub"     ; "fmt1_4/4"   ; "SG"
980[1-589]   ; 8      ; MOBILE     ; STANDARD_RATE ;               ; "fmt1_4/4"   ; "SG"
980[67]      ; 8      ; MOBILE     ; STANDARD_RATE ; "singtel"     ; "fmt1_4/4"   ; "SG"
981[0-25-9]  ; 8      ; MOBILE     ; STANDARD_RATE ; "singtel"     ; "fmt1_4/4"   ; "SG"
981[34]      ; 8      ; MOBILE     ; STANDARD_RATE ; "starhub"     ; "fmt1_4/4"   ; "SG"
98[239]      ; 8      ; MOBILE     ; STANDARD_RATE ; "singtel"     ; "fmt1_4/4"   ; "SG"
98[47]       ; 8      ; MOBILE     ; STANDARD_RATE ; "m1"          ; "fmt1_4/4"   ; "SG"
985          ; 8      ; MOBILE     ; STANDARD_RATE ; "starhub"     ; "fmt1_4/4"   ; "SG"
986          ; 8      ; MOBILE     ; STANDARD_RATE ; "singtel"     ; "fmt1_4/4"   ; "SG"    ; GOVERNMENT ; "Government Dated March 2019"
988[0-7]     ; 8      ; MOBILE     ; STANDARD_RATE ; "starhub"     ; "fmt1_4/4"   ; "SG"
9888         ; 8      ; MOBILE     ; STANDARD_RATE ; "singtel"     ; "fmt1_4/4"   ; "SG"
9889         ; 8      ; MOBILE     ; STANDARD_RATE ; "m1"          ; "fmt1_4/4"   ; "SG"
