Prefix        ; Length ; Type       ; Tariff        ; Operator   ; Format       ; Regions ; Provenance ; Comment
21[03][0-3]   ; 8      ; FIXED_LINE ; STANDARD_RATE ;            ; "fmt1_4/4"   ; "SV"    ;            ; "FILLUP TO SUPPORT MASTER RANGE"
21[03][4-9]   ; 8      ; FIXED_LINE ; STANDARD_RATE ;            ; "fmt1_4/4"   ; "SV"    ; GOVERNMENT
21[14-9]      ; 8      ; FIXED_LINE ; STANDARD_RATE ;            ; "fmt1_4/4"   ; "SV"    ; GOVERNMENT
212[02-9]     ; 8      ; FIXED_LINE ; STANDARD_RATE ;            ; "fmt1_4/4"   ; "SV"    ; GOVERNMENT
2121          ; 8      ; FIXED_LINE ; STANDARD_RATE ;            ; "fmt1_4/4"   ; "SV"    ;            ; "FILLUP TO SUPPORT MASTER RANGE"
220[0-2]      ; 8      ; FIXED_LINE ; STANDARD_RATE ;            ; "fmt1_4/4"   ; "SV"    ; GOVERNMENT
220[3-689]    ; 8      ; FIXED_LINE ; STANDARD_RATE ;            ; "fmt1_4/4"   ; "SV"    ;            ; "FILLUP TO SUPPORT MASTER RANGE"
2207[01]      ; 8      ; FIXED_LINE ; STANDARD_RATE ;            ; "fmt1_4/4"   ; "SV"    ; GOVERNMENT
2207[2-9]     ; 8      ; FIXED_LINE ; STANDARD_RATE ;            ; "fmt1_4/4"   ; "SV"    ;            ; "FILLUP TO SUPPORT MASTER RANGE"
221[0157]     ; 8      ; FIXED_LINE ; STANDARD_RATE ;            ; "fmt1_4/4"   ; "SV"    ; GOVERNMENT
221[2-46]     ; 8      ; FIXED_LINE ; STANDARD_RATE ;            ; "fmt1_4/4"   ; "SV"    ;            ; "FILLUP TO SUPPORT MASTER RANGE"
2218[0-4]     ; 8      ; FIXED_LINE ; STANDARD_RATE ;            ; "fmt1_4/4"   ; "SV"    ; GOVERNMENT
2218[5-9]     ; 8      ; FIXED_LINE ; STANDARD_RATE ;            ; "fmt1_4/4"   ; "SV"    ;            ; "FILLUP TO SUPPORT MASTER RANGE"
2219[0-57-9]  ; 8      ; FIXED_LINE ; STANDARD_RATE ;            ; "fmt1_4/4"   ; "SV"    ; GOVERNMENT
22196         ; 8      ; FIXED_LINE ; STANDARD_RATE ;            ; "fmt1_4/4"   ; "SV"    ;            ; "FILLUP TO SUPPORT MASTER RANGE"
222           ; 8      ; FIXED_LINE ; STANDARD_RATE ;            ; "fmt1_4/4"   ; "SV"    ; GOVERNMENT
223[0368]     ; 8      ; FIXED_LINE ; STANDARD_RATE ;            ; "fmt1_4/4"   ; "SV"    ; GOVERNMENT
223[12459]    ; 8      ; FIXED_LINE ; STANDARD_RATE ;            ; "fmt1_4/4"   ; "SV"    ;            ; "FILLUP TO SUPPORT MASTER RANGE"
2237[0-5]     ; 8      ; FIXED_LINE ; STANDARD_RATE ;            ; "fmt1_4/4"   ; "SV"    ;            ; "FILLUP TO SUPPORT MASTER RANGE"
2237[6-9]     ; 8      ; FIXED_LINE ; STANDARD_RATE ;            ; "fmt1_4/4"   ; "SV"    ; GOVERNMENT
224[0-3568]   ; 8      ; FIXED_LINE ; STANDARD_RATE ;            ; "fmt1_4/4"   ; "SV"    ;            ; "FILLUP TO SUPPORT MASTER RANGE"
224[47]       ; 8      ; FIXED_LINE ; STANDARD_RATE ;            ; "fmt1_4/4"   ; "SV"    ; GOVERNMENT
2249[0-4]     ; 8      ; FIXED_LINE ; STANDARD_RATE ;            ; "fmt1_4/4"   ; "SV"    ;            ; "FILLUP TO SUPPORT MASTER RANGE"
2249[5-9]     ; 8      ; FIXED_LINE ; STANDARD_RATE ;            ; "fmt1_4/4"   ; "SV"    ; GOVERNMENT
225[0-38]     ; 8      ; FIXED_LINE ; STANDARD_RATE ;            ; "fmt1_4/4"   ; "SV"    ;            ; "FILLUP TO SUPPORT MASTER RANGE"
2254[0-4]     ; 8      ; FIXED_LINE ; STANDARD_RATE ;            ; "fmt1_4/4"   ; "SV"    ;            ; "FILLUP TO SUPPORT MASTER RANGE"
2254[5-9]     ; 8      ; FIXED_LINE ; STANDARD_RATE ;            ; "fmt1_4/4"   ; "SV"    ; GOVERNMENT
2255[0-6]     ; 8      ; FIXED_LINE ; STANDARD_RATE ;            ; "fmt1_4/4"   ; "SV"    ; GOVERNMENT
2255[7-9]     ; 8      ; FIXED_LINE ; STANDARD_RATE ;            ; "fmt1_4/4"   ; "SV"    ;            ; "FILLUP TO SUPPORT MASTER RANGE"
225[69]       ; 8      ; FIXED_LINE ; STANDARD_RATE ;            ; "fmt1_4/4"   ; "SV"    ; GOVERNMENT
2257[0-7]     ; 8      ; FIXED_LINE ; STANDARD_RATE ;            ; "fmt1_4/4"   ; "SV"    ; GOVERNMENT
2257[89]      ; 8      ; FIXED_LINE ; STANDARD_RATE ;            ; "fmt1_4/4"   ; "SV"    ;            ; "FILLUP TO SUPPORT MASTER RANGE"
226[013467]   ; 8      ; FIXED_LINE ; STANDARD_RATE ;            ; "fmt1_4/4"   ; "SV"    ;            ; "FILLUP TO SUPPORT MASTER RANGE"
2262[0-6]     ; 8      ; FIXED_LINE ; STANDARD_RATE ;            ; "fmt1_4/4"   ; "SV"    ;            ; "FILLUP TO SUPPORT MASTER RANGE"
2262[7-9]     ; 8      ; FIXED_LINE ; STANDARD_RATE ;            ; "fmt1_4/4"   ; "SV"    ; GOVERNMENT
2265          ; 8      ; FIXED_LINE ; STANDARD_RATE ;            ; "fmt1_4/4"   ; "SV"    ; GOVERNMENT
2268[0-278]   ; 8      ; FIXED_LINE ; STANDARD_RATE ;            ; "fmt1_4/4"   ; "SV"    ; GOVERNMENT
2268[3-69]    ; 8      ; FIXED_LINE ; STANDARD_RATE ;            ; "fmt1_4/4"   ; "SV"    ;            ; "FILLUP TO SUPPORT MASTER RANGE"
2269[0-26-9]  ; 8      ; FIXED_LINE ; STANDARD_RATE ;            ; "fmt1_4/4"   ; "SV"    ; GOVERNMENT
2269[3-5]     ; 8      ; FIXED_LINE ; STANDARD_RATE ;            ; "fmt1_4/4"   ; "SV"    ;            ; "FILLUP TO SUPPORT MASTER RANGE"
227[0-46-9]   ; 8      ; FIXED_LINE ; STANDARD_RATE ;            ; "fmt1_4/4"   ; "SV"    ;            ; "FILLUP TO SUPPORT MASTER RANGE"
2275          ; 8      ; FIXED_LINE ; STANDARD_RATE ;            ; "fmt1_4/4"   ; "SV"    ; GOVERNMENT
228[0-24689]  ; 8      ; FIXED_LINE ; STANDARD_RATE ;            ; "fmt1_4/4"   ; "SV"    ;            ; "FILLUP TO SUPPORT MASTER RANGE"
2283[0-7]     ; 8      ; FIXED_LINE ; STANDARD_RATE ;            ; "fmt1_4/4"   ; "SV"    ; GOVERNMENT
2283[89]      ; 8      ; FIXED_LINE ; STANDARD_RATE ;            ; "fmt1_4/4"   ; "SV"    ;            ; "FILLUP TO SUPPORT MASTER RANGE"
228[57]       ; 8      ; FIXED_LINE ; STANDARD_RATE ;            ; "fmt1_4/4"   ; "SV"    ; GOVERNMENT
229           ; 8      ; FIXED_LINE ; STANDARD_RATE ;            ; "fmt1_4/4"   ; "SV"    ;            ; "FILLUP TO SUPPORT MASTER RANGE"
230[049]      ; 8      ; FIXED_LINE ; STANDARD_RATE ;            ; "fmt1_4/4"   ; "SV"    ;            ; "FILLUP TO SUPPORT MASTER RANGE"
230[12578]    ; 8      ; FIXED_LINE ; STANDARD_RATE ;            ; "fmt1_4/4"   ; "SV"    ; GOVERNMENT
2303[0-26-9]  ; 8      ; FIXED_LINE ; STANDARD_RATE ;            ; "fmt1_4/4"   ; "SV"    ; GOVERNMENT
2303[3-5]     ; 8      ; FIXED_LINE ; STANDARD_RATE ;            ; "fmt1_4/4"   ; "SV"    ;            ; "FILLUP TO SUPPORT MASTER RANGE"
2306[0-8]     ; 8      ; FIXED_LINE ; STANDARD_RATE ;            ; "fmt1_4/4"   ; "SV"    ;            ; "FILLUP TO SUPPORT MASTER RANGE"
23069         ; 8      ; FIXED_LINE ; STANDARD_RATE ;            ; "fmt1_4/4"   ; "SV"    ; GOVERNMENT
231[0139]     ; 8      ; FIXED_LINE ; STANDARD_RATE ;            ; "fmt1_4/4"   ; "SV"    ; GOVERNMENT
231[267][0-4] ; 8      ; FIXED_LINE ; STANDARD_RATE ;            ; "fmt1_4/4"   ; "SV"    ; GOVERNMENT
231[267][5-9] ; 8      ; FIXED_LINE ; STANDARD_RATE ;            ; "fmt1_4/4"   ; "SV"    ;            ; "FILLUP TO SUPPORT MASTER RANGE"
2314[0-46]    ; 8      ; FIXED_LINE ; STANDARD_RATE ;            ; "fmt1_4/4"   ; "SV"    ;            ; "FILLUP TO SUPPORT MASTER RANGE"
2314[57-9]    ; 8      ; FIXED_LINE ; STANDARD_RATE ;            ; "fmt1_4/4"   ; "SV"    ; GOVERNMENT
2315[015-9]   ; 8      ; FIXED_LINE ; STANDARD_RATE ;            ; "fmt1_4/4"   ; "SV"    ; GOVERNMENT
2315[2-4]     ; 8      ; FIXED_LINE ; STANDARD_RATE ;            ; "fmt1_4/4"   ; "SV"    ;            ; "FILLUP TO SUPPORT MASTER RANGE"
2318          ; 8      ; FIXED_LINE ; STANDARD_RATE ;            ; "fmt1_4/4"   ; "SV"    ;            ; "FILLUP TO SUPPORT MASTER RANGE"
232[04689]    ; 8      ; FIXED_LINE ; STANDARD_RATE ;            ; "fmt1_4/4"   ; "SV"    ; GOVERNMENT
2321[0-36-9]  ; 8      ; FIXED_LINE ; STANDARD_RATE ;            ; "fmt1_4/4"   ; "SV"    ; GOVERNMENT
2321[45]      ; 8      ; FIXED_LINE ; STANDARD_RATE ;            ; "fmt1_4/4"   ; "SV"    ;            ; "FILLUP TO SUPPORT MASTER RANGE"
2322[0-2]     ; 8      ; FIXED_LINE ; STANDARD_RATE ;            ; "fmt1_4/4"   ; "SV"    ;            ; "FILLUP TO SUPPORT MASTER RANGE"
2322[3-9]     ; 8      ; FIXED_LINE ; STANDARD_RATE ;            ; "fmt1_4/4"   ; "SV"    ; GOVERNMENT
232[357]      ; 8      ; FIXED_LINE ; STANDARD_RATE ;            ; "fmt1_4/4"   ; "SV"    ;            ; "FILLUP TO SUPPORT MASTER RANGE"
233[03568]    ; 8      ; FIXED_LINE ; STANDARD_RATE ;            ; "fmt1_4/4"   ; "SV"    ; GOVERNMENT
2331[015-8]   ; 8      ; FIXED_LINE ; STANDARD_RATE ;            ; "fmt1_4/4"   ; "SV"    ; GOVERNMENT
2331[2-49]    ; 8      ; FIXED_LINE ; STANDARD_RATE ;            ; "fmt1_4/4"   ; "SV"    ;            ; "FILLUP TO SUPPORT MASTER RANGE"
2332[023]     ; 8      ; FIXED_LINE ; STANDARD_RATE ;            ; "fmt1_4/4"   ; "SV"    ;            ; "FILLUP TO SUPPORT MASTER RANGE"
2332[14-9]    ; 8      ; FIXED_LINE ; STANDARD_RATE ;            ; "fmt1_4/4"   ; "SV"    ; GOVERNMENT
2334          ; 8      ; FIXED_LINE ; STANDARD_RATE ;            ; "fmt1_4/4"   ; "SV"    ;            ; "FILLUP TO SUPPORT MASTER RANGE"
2337[0-35-9]  ; 8      ; FIXED_LINE ; STANDARD_RATE ;            ; "fmt1_4/4"   ; "SV"    ; GOVERNMENT
23374         ; 8      ; FIXED_LINE ; STANDARD_RATE ;            ; "fmt1_4/4"   ; "SV"    ;            ; "FILLUP TO SUPPORT MASTER RANGE"
2339[0-6]     ; 8      ; FIXED_LINE ; STANDARD_RATE ;            ; "fmt1_4/4"   ; "SV"    ; GOVERNMENT
2339[7-9]     ; 8      ; FIXED_LINE ; STANDARD_RATE ;            ; "fmt1_4/4"   ; "SV"    ;            ; "FILLUP TO SUPPORT MASTER RANGE"
234[0679]     ; 8      ; FIXED_LINE ; STANDARD_RATE ;            ; "fmt1_4/4"   ; "SV"    ;            ; "FILLUP TO SUPPORT MASTER RANGE"
2341[0-25-9]  ; 8      ; FIXED_LINE ; STANDARD_RATE ;            ; "fmt1_4/4"   ; "SV"    ; GOVERNMENT
2341[34]      ; 8      ; FIXED_LINE ; STANDARD_RATE ;            ; "fmt1_4/4"   ; "SV"    ;            ; "FILLUP TO SUPPORT MASTER RANGE"
2342[03]      ; 8      ; FIXED_LINE ; STANDARD_RATE ;            ; "fmt1_4/4"   ; "SV"    ;            ; "FILLUP TO SUPPORT MASTER RANGE"
2342[124-9]   ; 8      ; FIXED_LINE ; STANDARD_RATE ;            ; "fmt1_4/4"   ; "SV"    ; GOVERNMENT
234[348]      ; 8      ; FIXED_LINE ; STANDARD_RATE ;            ; "fmt1_4/4"   ; "SV"    ; GOVERNMENT
2345[0-2]     ; 8      ; FIXED_LINE ; STANDARD_RATE ;            ; "fmt1_4/4"   ; "SV"    ; GOVERNMENT
2345[3-9]     ; 8      ; FIXED_LINE ; STANDARD_RATE ;            ; "fmt1_4/4"   ; "SV"    ;            ; "FILLUP TO SUPPORT MASTER RANGE"
235[0236-9]   ; 8      ; FIXED_LINE ; STANDARD_RATE ;            ; "fmt1_4/4"   ; "SV"    ; GOVERNMENT
235[145]      ; 8      ; FIXED_LINE ; STANDARD_RATE ;            ; "fmt1_4/4"   ; "SV"    ;            ; "FILLUP TO SUPPORT MASTER RANGE"
236[058]0     ; 8      ; FIXED_LINE ; STANDARD_RATE ;            ; "fmt1_4/4"   ; "SV"    ;            ; "FILLUP TO SUPPORT MASTER RANGE"
236[058][1-9] ; 8      ; FIXED_LINE ; STANDARD_RATE ;            ; "fmt1_4/4"   ; "SV"    ; GOVERNMENT
236[1-4679]   ; 8      ; FIXED_LINE ; STANDARD_RATE ;            ; "fmt1_4/4"   ; "SV"    ; GOVERNMENT
237[013-7]    ; 8      ; FIXED_LINE ; STANDARD_RATE ;            ; "fmt1_4/4"   ; "SV"    ; GOVERNMENT
237[29]       ; 8      ; FIXED_LINE ; STANDARD_RATE ;            ; "fmt1_4/4"   ; "SV"    ;            ; "FILLUP TO SUPPORT MASTER RANGE"
2378[01]      ; 8      ; FIXED_LINE ; STANDARD_RATE ;            ; "fmt1_4/4"   ; "SV"    ;            ; "FILLUP TO SUPPORT MASTER RANGE"
2378[2-9]     ; 8      ; FIXED_LINE ; STANDARD_RATE ;            ; "fmt1_4/4"   ; "SV"    ; GOVERNMENT
238           ; 8      ; FIXED_LINE ; STANDARD_RATE ;            ; "fmt1_4/4"   ; "SV"    ; GOVERNMENT
239[0-24-68]  ; 8      ; FIXED_LINE ; STANDARD_RATE ;            ; "fmt1_4/4"   ; "SV"    ; GOVERNMENT
239[379]      ; 8      ; FIXED_LINE ; STANDARD_RATE ;            ; "fmt1_4/4"   ; "SV"    ;            ; "FILLUP TO SUPPORT MASTER RANGE"
2400[0-46-9]  ; 8      ; FIXED_LINE ; STANDARD_RATE ;            ; "fmt1_4/4"   ; "SV"    ; GOVERNMENT
24005         ; 8      ; FIXED_LINE ; STANDARD_RATE ;            ; "fmt1_4/4"   ; "SV"    ;            ; "FILLUP TO SUPPORT MASTER RANGE"
240[1-467]    ; 8      ; FIXED_LINE ; STANDARD_RATE ;            ; "fmt1_4/4"   ; "SV"    ;            ; "FILLUP TO SUPPORT MASTER RANGE"
240[59]       ; 8      ; FIXED_LINE ; STANDARD_RATE ;            ; "fmt1_4/4"   ; "SV"    ; GOVERNMENT
2408[0-5]     ; 8      ; FIXED_LINE ; STANDARD_RATE ;            ; "fmt1_4/4"   ; "SV"    ;            ; "FILLUP TO SUPPORT MASTER RANGE"
2408[6-9]     ; 8      ; FIXED_LINE ; STANDARD_RATE ;            ; "fmt1_4/4"   ; "SV"    ; GOVERNMENT
241[0347-9]   ; 8      ; FIXED_LINE ; STANDARD_RATE ;            ; "fmt1_4/4"   ; "SV"    ; GOVERNMENT
241[156]      ; 8      ; FIXED_LINE ; STANDARD_RATE ;            ; "fmt1_4/4"   ; "SV"    ;            ; "FILLUP TO SUPPORT MASTER RANGE"
2412[0-4]     ; 8      ; FIXED_LINE ; STANDARD_RATE ;            ; "fmt1_4/4"   ; "SV"    ; GOVERNMENT
2412[5-9]     ; 8      ; FIXED_LINE ; STANDARD_RATE ;            ; "fmt1_4/4"   ; "SV"    ;            ; "FILLUP TO SUPPORT MASTER RANGE"
242[019]      ; 8      ; FIXED_LINE ; STANDARD_RATE ;            ; "fmt1_4/4"   ; "SV"    ;            ; "FILLUP TO SUPPORT MASTER RANGE"
242[2-8]      ; 8      ; FIXED_LINE ; STANDARD_RATE ;            ; "fmt1_4/4"   ; "SV"    ; GOVERNMENT
24[34]        ; 8      ; FIXED_LINE ; STANDARD_RATE ;            ; "fmt1_4/4"   ; "SV"    ; GOVERNMENT
245[036-9]    ; 8      ; FIXED_LINE ; STANDARD_RATE ;            ; "fmt1_4/4"   ; "SV"    ; GOVERNMENT
245[1245]     ; 8      ; FIXED_LINE ; STANDARD_RATE ;            ; "fmt1_4/4"   ; "SV"    ;            ; "FILLUP TO SUPPORT MASTER RANGE"
246[0-8]      ; 8      ; FIXED_LINE ; STANDARD_RATE ;            ; "fmt1_4/4"   ; "SV"    ; GOVERNMENT
2469[014-9]   ; 8      ; FIXED_LINE ; STANDARD_RATE ;            ; "fmt1_4/4"   ; "SV"    ; GOVERNMENT
2469[23]      ; 8      ; FIXED_LINE ; STANDARD_RATE ;            ; "fmt1_4/4"   ; "SV"    ;            ; "FILLUP TO SUPPORT MASTER RANGE"
24700         ; 8      ; FIXED_LINE ; STANDARD_RATE ;            ; "fmt1_4/4"   ; "SV"    ;            ; "FILLUP TO SUPPORT MASTER RANGE"
2470[1-9]     ; 8      ; FIXED_LINE ; STANDARD_RATE ;            ; "fmt1_4/4"   ; "SV"    ; GOVERNMENT
247[12457-9]  ; 8      ; FIXED_LINE ; STANDARD_RATE ;            ; "fmt1_4/4"   ; "SV"    ; GOVERNMENT
2473[0-6]     ; 8      ; FIXED_LINE ; STANDARD_RATE ;            ; "fmt1_4/4"   ; "SV"    ; GOVERNMENT
2473[7-9]     ; 8      ; FIXED_LINE ; STANDARD_RATE ;            ; "fmt1_4/4"   ; "SV"    ;            ; "FILLUP TO SUPPORT MASTER RANGE"
2476          ; 8      ; FIXED_LINE ; STANDARD_RATE ;            ; "fmt1_4/4"   ; "SV"    ;            ; "FILLUP TO SUPPORT MASTER RANGE"
248[0-2589]   ; 8      ; FIXED_LINE ; STANDARD_RATE ;            ; "fmt1_4/4"   ; "SV"    ; GOVERNMENT
248[3467]     ; 8      ; FIXED_LINE ; STANDARD_RATE ;            ; "fmt1_4/4"   ; "SV"    ;            ; "FILLUP TO SUPPORT MASTER RANGE"
249[0-689]    ; 8      ; FIXED_LINE ; STANDARD_RATE ;            ; "fmt1_4/4"   ; "SV"    ; GOVERNMENT
2497          ; 8      ; FIXED_LINE ; STANDARD_RATE ;            ; "fmt1_4/4"   ; "SV"    ;            ; "FILLUP TO SUPPORT MASTER RANGE"
250[0-257-9]  ; 8      ; FIXED_LINE ; STANDARD_RATE ;            ; "fmt1_4/4"   ; "SV"    ;            ; "FILLUP TO SUPPORT MASTER RANGE"
250[346]      ; 8      ; FIXED_LINE ; STANDARD_RATE ;            ; "fmt1_4/4"   ; "SV"    ; GOVERNMENT
251[0-29]     ; 8      ; FIXED_LINE ; STANDARD_RATE ;            ; "fmt1_4/4"   ; "SV"    ;            ; "FILLUP TO SUPPORT MASTER RANGE"
251[3-8]      ; 8      ; FIXED_LINE ; STANDARD_RATE ;            ; "fmt1_4/4"   ; "SV"    ; GOVERNMENT
252           ; 8      ; FIXED_LINE ; STANDARD_RATE ;            ; "fmt1_4/4"   ; "SV"    ;            ; "FILLUP TO SUPPORT MASTER RANGE"
253[0-79]     ; 8      ; FIXED_LINE ; STANDARD_RATE ;            ; "fmt1_4/4"   ; "SV"    ; GOVERNMENT
2538[0-6]     ; 8      ; FIXED_LINE ; STANDARD_RATE ;            ; "fmt1_4/4"   ; "SV"    ; GOVERNMENT
2538[7-9]     ; 8      ; FIXED_LINE ; STANDARD_RATE ;            ; "fmt1_4/4"   ; "SV"    ;            ; "FILLUP TO SUPPORT MASTER RANGE"
25[478]       ; 8      ; FIXED_LINE ; STANDARD_RATE ;            ; "fmt1_4/4"   ; "SV"    ; GOVERNMENT
255[0-47-9]   ; 8      ; FIXED_LINE ; STANDARD_RATE ;            ; "fmt1_4/4"   ; "SV"    ; GOVERNMENT
255[56]       ; 8      ; FIXED_LINE ; STANDARD_RATE ;            ; "fmt1_4/4"   ; "SV"    ;            ; "FILLUP TO SUPPORT MASTER RANGE"
256[0189]     ; 8      ; FIXED_LINE ; STANDARD_RATE ;            ; "fmt1_4/4"   ; "SV"    ; GOVERNMENT
256[2-7]      ; 8      ; FIXED_LINE ; STANDARD_RATE ;            ; "fmt1_4/4"   ; "SV"    ;            ; "FILLUP TO SUPPORT MASTER RANGE"
259[024-9]    ; 8      ; FIXED_LINE ; STANDARD_RATE ;            ; "fmt1_4/4"   ; "SV"    ; GOVERNMENT
2591[02-6]    ; 8      ; FIXED_LINE ; STANDARD_RATE ;            ; "fmt1_4/4"   ; "SV"    ; GOVERNMENT
2591[17-9]    ; 8      ; FIXED_LINE ; STANDARD_RATE ;            ; "fmt1_4/4"   ; "SV"    ;            ; "FILLUP TO SUPPORT MASTER RANGE"
2593[0167]    ; 8      ; FIXED_LINE ; STANDARD_RATE ;            ; "fmt1_4/4"   ; "SV"    ;            ; "FILLUP TO SUPPORT MASTER RANGE"
2593[2-589]   ; 8      ; FIXED_LINE ; STANDARD_RATE ;            ; "fmt1_4/4"   ; "SV"    ; GOVERNMENT
260[0-248]    ; 8      ; FIXED_LINE ; STANDARD_RATE ;            ; "fmt1_4/4"   ; "SV"    ; GOVERNMENT
260[369]      ; 8      ; FIXED_LINE ; STANDARD_RATE ;            ; "fmt1_4/4"   ; "SV"    ;            ; "FILLUP TO SUPPORT MASTER RANGE"
26050         ; 8      ; FIXED_LINE ; STANDARD_RATE ;            ; "fmt1_4/4"   ; "SV"    ; GOVERNMENT
2605[1-9]     ; 8      ; FIXED_LINE ; STANDARD_RATE ;            ; "fmt1_4/4"   ; "SV"    ;            ; "FILLUP TO SUPPORT MASTER RANGE"
2607[01]      ; 8      ; FIXED_LINE ; STANDARD_RATE ;            ; "fmt1_4/4"   ; "SV"    ;            ; "FILLUP TO SUPPORT MASTER RANGE"
2607[2-9]     ; 8      ; FIXED_LINE ; STANDARD_RATE ;            ; "fmt1_4/4"   ; "SV"    ; GOVERNMENT
261[0-46-9]   ; 8      ; FIXED_LINE ; STANDARD_RATE ;            ; "fmt1_4/4"   ; "SV"    ; GOVERNMENT
2615          ; 8      ; FIXED_LINE ; STANDARD_RATE ;            ; "fmt1_4/4"   ; "SV"    ;            ; "FILLUP TO SUPPORT MASTER RANGE"
262[0-25-9]   ; 8      ; FIXED_LINE ; STANDARD_RATE ;            ; "fmt1_4/4"   ; "SV"    ; GOVERNMENT
262[34]       ; 8      ; FIXED_LINE ; STANDARD_RATE ;            ; "fmt1_4/4"   ; "SV"    ;            ; "FILLUP TO SUPPORT MASTER RANGE"
263[0-35-8]   ; 8      ; FIXED_LINE ; STANDARD_RATE ;            ; "fmt1_4/4"   ; "SV"    ; GOVERNMENT
263[49]       ; 8      ; FIXED_LINE ; STANDARD_RATE ;            ; "fmt1_4/4"   ; "SV"    ;            ; "FILLUP TO SUPPORT MASTER RANGE"
264[0-47-9]   ; 8      ; FIXED_LINE ; STANDARD_RATE ;            ; "fmt1_4/4"   ; "SV"    ; GOVERNMENT
264[56]       ; 8      ; FIXED_LINE ; STANDARD_RATE ;            ; "fmt1_4/4"   ; "SV"    ;            ; "FILLUP TO SUPPORT MASTER RANGE"
265[0-357-9]  ; 8      ; FIXED_LINE ; STANDARD_RATE ;            ; "fmt1_4/4"   ; "SV"    ; GOVERNMENT
2654[0-3]     ; 8      ; FIXED_LINE ; STANDARD_RATE ;            ; "fmt1_4/4"   ; "SV"    ;            ; "FILLUP TO SUPPORT MASTER RANGE"
2654[4-9]     ; 8      ; FIXED_LINE ; STANDARD_RATE ;            ; "fmt1_4/4"   ; "SV"    ; GOVERNMENT
2656          ; 8      ; FIXED_LINE ; STANDARD_RATE ;            ; "fmt1_4/4"   ; "SV"    ;            ; "FILLUP TO SUPPORT MASTER RANGE"
266[013589]   ; 8      ; FIXED_LINE ; STANDARD_RATE ;            ; "fmt1_4/4"   ; "SV"    ;            ; "FILLUP TO SUPPORT MASTER RANGE"
266[2467]     ; 8      ; FIXED_LINE ; STANDARD_RATE ;            ; "fmt1_4/4"   ; "SV"    ; GOVERNMENT
267[02-9]     ; 8      ; FIXED_LINE ; STANDARD_RATE ;            ; "fmt1_4/4"   ; "SV"    ; GOVERNMENT
2671          ; 8      ; FIXED_LINE ; STANDARD_RATE ;            ; "fmt1_4/4"   ; "SV"    ;            ; "FILLUP TO SUPPORT MASTER RANGE"
268[0134]     ; 8      ; FIXED_LINE ; STANDARD_RATE ;            ; "fmt1_4/4"   ; "SV"    ;            ; "FILLUP TO SUPPORT MASTER RANGE"
268[25-9]     ; 8      ; FIXED_LINE ; STANDARD_RATE ;            ; "fmt1_4/4"   ; "SV"    ; GOVERNMENT
269[0-689]    ; 8      ; FIXED_LINE ; STANDARD_RATE ;            ; "fmt1_4/4"   ; "SV"    ; GOVERNMENT
2697          ; 8      ; FIXED_LINE ; STANDARD_RATE ;            ; "fmt1_4/4"   ; "SV"    ;            ; "FILLUP TO SUPPORT MASTER RANGE"
27[0-8]       ; 8      ; FIXED_LINE ; STANDARD_RATE ;            ; "fmt1_4/4"   ; "SV"    ; GOVERNMENT
2790[0347-9]  ; 8      ; FIXED_LINE ; STANDARD_RATE ;            ; "fmt1_4/4"   ; "SV"    ; GOVERNMENT
279[1-9]      ; 8      ; FIXED_LINE ; STANDARD_RATE ;            ; "fmt1_4/4"   ; "SV"    ; GOVERNMENT
28[0-8]       ; 8      ; FIXED_LINE ; STANDARD_RATE ;            ; "fmt1_4/4"   ; "SV"    ; GOVERNMENT
2890[024589]  ; 8      ; FIXED_LINE ; STANDARD_RATE ;            ; "fmt1_4/4"   ; "SV"    ; GOVERNMENT
289[1-9]      ; 8      ; FIXED_LINE ; STANDARD_RATE ;            ; "fmt1_4/4"   ; "SV"    ; GOVERNMENT
29            ; 8      ; FIXED_LINE ; STANDARD_RATE ;            ; "fmt1_4/4"   ; "SV"    ; GOVERNMENT
60[0-59]      ; 8      ; MOBILE     ; STANDARD_RATE ; "tigo"     ; "fmt1_4/4"   ; "SV"    ; GOVERNMENT
60[67]        ; 8      ; MOBILE     ; STANDARD_RATE ;            ; "fmt1_4/4"   ; "SV"
608           ; 8      ; MOBILE     ; STANDARD_RATE ; "movistar" ; "fmt1_4/4"   ; "SV"    ; GOVERNMENT
61            ; 8      ; MOBILE     ; STANDARD_RATE ; "movistar" ; "fmt1_4/4"   ; "SV"    ; GOVERNMENT
620           ; 8      ; MOBILE     ; STANDARD_RATE ; "digicel"  ; "fmt1_4/4"   ; "SV"    ; GOVERNMENT
62[1-9]       ; 8      ; MOBILE     ; STANDARD_RATE ;            ; "fmt1_4/4"   ; "SV"
630           ; 8      ; MOBILE     ; STANDARD_RATE ; "claro"    ; "fmt1_4/4"   ; "SV"    ; IR21
631[0-6]      ; 8      ; MOBILE     ; STANDARD_RATE ; "claro"    ; "fmt1_4/4"   ; "SV"    ; GOVERNMENT
6317[0-4]     ; 8      ; MOBILE     ; STANDARD_RATE ; "claro"    ; "fmt1_4/4"   ; "SV"    ; GOVERNMENT
6317[5-9]     ; 8      ; MOBILE     ; STANDARD_RATE ;            ; "fmt1_4/4"   ; "SV"
631[89]       ; 8      ; MOBILE     ; STANDARD_RATE ;            ; "fmt1_4/4"   ; "SV"
63[2-9]       ; 8      ; MOBILE     ; STANDARD_RATE ; "siget"    ; "fmt1_4/4"   ; "SV"    ; GOVERNMENT
64[019]       ; 8      ; MOBILE     ; STANDARD_RATE ; "siget"    ; "fmt1_4/4"   ; "SV"    ; GOVERNMENT
642           ; 8      ; MOBILE     ; STANDARD_RATE ; "movistar" ; "fmt1_4/4"   ; "SV"    ; GOVERNMENT
643[01]       ; 8      ; MOBILE     ; STANDARD_RATE ; "movistar" ; "fmt1_4/4"   ; "SV"    ; GOVERNMENT
643[2-9]      ; 8      ; MOBILE     ; STANDARD_RATE ;            ; "fmt1_4/4"   ; "SV"
64[45]        ; 8      ; MOBILE     ; STANDARD_RATE ; "tigo"     ; "fmt1_4/4"   ; "SV"    ; GOVERNMENT
64[6-8]       ; 8      ; MOBILE     ; STANDARD_RATE ;            ; "fmt1_4/4"   ; "SV"
6[57]         ; 8      ; MOBILE     ; STANDARD_RATE ; "siget"    ; "fmt1_4/4"   ; "SV"    ; GOVERNMENT
66[02-9]      ; 8      ; MOBILE     ; STANDARD_RATE ; "siget"    ; "fmt1_4/4"   ; "SV"    ; GOVERNMENT
661[02-9]     ; 8      ; MOBILE     ; STANDARD_RATE ; "siget"    ; "fmt1_4/4"   ; "SV"    ; GOVERNMENT
6611[0-57-9]  ; 8      ; MOBILE     ; STANDARD_RATE ; "siget"    ; "fmt1_4/4"   ; "SV"    ; GOVERNMENT
66116         ; 8      ; MOBILE     ; STANDARD_RATE ; "movistar" ; "fmt1_4/4"   ; "SV"    ; IR21
68            ; 8      ; MOBILE     ; STANDARD_RATE ;            ; "fmt1_4/4"   ; "SV"
69[01]        ; 8      ; MOBILE     ; STANDARD_RATE ;            ; "fmt1_4/4"   ; "SV"
69[2-6]       ; 8      ; MOBILE     ; STANDARD_RATE ; "tigo"     ; "fmt1_4/4"   ; "SV"    ; GOVERNMENT
69[7-9]       ; 8      ; MOBILE     ; STANDARD_RATE ; "claro"    ; "fmt1_4/4"   ; "SV"    ; GOVERNMENT
70[0-689]     ; 8      ; MOBILE     ; STANDARD_RATE ; "claro"    ; "fmt1_4/4"   ; "SV"
7070[03-57]   ; 8      ; MOBILE     ; STANDARD_RATE ; "claro"    ; "fmt1_4/4"   ; "SV"
7070[169]     ; 8      ; MOBILE     ; STANDARD_RATE ; "tigo"     ; "fmt1_4/4"   ; "SV"
7070[28]      ; 8      ; MOBILE     ; STANDARD_RATE ; "movistar" ; "fmt1_4/4"   ; "SV"    ; GOVERNMENT
7071[027]     ; 8      ; MOBILE     ; STANDARD_RATE ; "claro"    ; "fmt1_4/4"   ; "SV"
7071[16]      ; 8      ; MOBILE     ; STANDARD_RATE ; "movistar" ; "fmt1_4/4"   ; "SV"    ; GOVERNMENT
7071[3-59]    ; 8      ; MOBILE     ; STANDARD_RATE ; "tigo"     ; "fmt1_4/4"   ; "SV"
70718         ; 8      ; MOBILE     ; STANDARD_RATE ; "siget"    ; "fmt1_4/4"   ; "SV"    ; GOVERNMENT
7072          ; 8      ; MOBILE     ; STANDARD_RATE ; "digicel"  ; "fmt1_4/4"   ; "SV"    ; GOVERNMENT
7073[0-4]     ; 8      ; MOBILE     ; STANDARD_RATE ; "digicel"  ; "fmt1_4/4"   ; "SV"    ; GOVERNMENT
7073[5-9]     ; 8      ; MOBILE     ; STANDARD_RATE ; "claro"    ; "fmt1_4/4"   ; "SV"
7074[0-6]     ; 8      ; MOBILE     ; STANDARD_RATE ; "claro"    ; "fmt1_4/4"   ; "SV"
7074[7-9]     ; 8      ; MOBILE     ; STANDARD_RATE ;            ; "fmt1_4/4"   ; "SV"
7075          ; 8      ; MOBILE     ; STANDARD_RATE ;            ; "fmt1_4/4"   ; "SV"
707[6-9]      ; 8      ; MOBILE     ; STANDARD_RATE ; "siget"    ; "fmt1_4/4"   ; "SV"    ; GOVERNMENT
71            ; 8      ; MOBILE     ; STANDARD_RATE ; "movistar" ; "fmt1_4/4"   ; "SV"
7[25]         ; 8      ; MOBILE     ; STANDARD_RATE ; "tigo"     ; "fmt1_4/4"   ; "SV"
73            ; 8      ; MOBILE     ; STANDARD_RATE ; "digicel"  ; "fmt1_4/4"   ; "SV"    ; GOVERNMENT
74[0-46]      ; 8      ; MOBILE     ; STANDARD_RATE ; "digicel"  ; "fmt1_4/4"   ; "SV"    ; GOVERNMENT
745           ; 8      ; MOBILE     ; STANDARD_RATE ; "movistar" ; "fmt1_4/4"   ; "SV"    ; GOVERNMENT
7[48][7-9]    ; 8      ; MOBILE     ; STANDARD_RATE ; "tigo"     ; "fmt1_4/4"   ; "SV"
76[0-6]       ; 8      ; MOBILE     ; STANDARD_RATE ; "claro"    ; "fmt1_4/4"   ; "SV"
767           ; 8      ; MOBILE     ; STANDARD_RATE ; "tigo"     ; "fmt1_4/4"   ; "SV"
768[05]       ; 8      ; MOBILE     ; STANDARD_RATE ; "tigo"     ; "fmt1_4/4"   ; "SV"
768[1-4]      ; 8      ; MOBILE     ; STANDARD_RATE ; "tigo"     ; "fmt1_4/4"   ; "SV"    ; IR21
7686[0-4]     ; 8      ; MOBILE     ; STANDARD_RATE ; "tigo"     ; "fmt1_4/4"   ; "SV"
7686[5-9]     ; 8      ; MOBILE     ; STANDARD_RATE ; "movistar" ; "fmt1_4/4"   ; "SV"    ; GOVERNMENT
768[7-9]      ; 8      ; MOBILE     ; STANDARD_RATE ; "claro"    ; "fmt1_4/4"   ; "SV"
7690          ; 8      ; MOBILE     ; STANDARD_RATE ; "claro"    ; "fmt1_4/4"   ; "SV"
769[1-49]     ; 8      ; MOBILE     ; STANDARD_RATE ; "movistar" ; "fmt1_4/4"   ; "SV"    ; GOVERNMENT
769[5-8]      ; 8      ; MOBILE     ; STANDARD_RATE ; "digicel"  ; "fmt1_4/4"   ; "SV"    ; GOVERNMENT
77[01]        ; 8      ; MOBILE     ; STANDARD_RATE ; "movistar" ; "fmt1_4/4"   ; "SV"    ; GOVERNMENT
77[23]        ; 8      ; MOBILE     ; STANDARD_RATE ; "tigo"     ; "fmt1_4/4"   ; "SV"
77[45]        ; 8      ; MOBILE     ; STANDARD_RATE ; "claro"    ; "fmt1_4/4"   ; "SV"    ; GOVERNMENT
77[67]        ; 8      ; MOBILE     ; STANDARD_RATE ; "digicel"  ; "fmt1_4/4"   ; "SV"    ; GOVERNMENT
77[89][0-4]   ; 8      ; MOBILE     ; STANDARD_RATE ; "movistar" ; "fmt1_4/4"   ; "SV"    ; GOVERNMENT
77[89][5-9]   ; 8      ; MOBILE     ; STANDARD_RATE ; "tigo"     ; "fmt1_4/4"   ; "SV"
7800          ; 8      ; MOBILE     ; STANDARD_RATE ; "movistar" ; "fmt1_4/4"   ; "SV"    ; GOVERNMENT
7801          ; 8      ; MOBILE     ; STANDARD_RATE ; "digicel"  ; "fmt1_4/4"   ; "SV"    ; GOVERNMENT
7802[0-4]     ; 8      ; MOBILE     ; STANDARD_RATE ; "digicel"  ; "fmt1_4/4"   ; "SV"    ; GOVERNMENT
7802[5-9]     ; 8      ; MOBILE     ; STANDARD_RATE ; "claro"    ; "fmt1_4/4"   ; "SV"
780[35-9]     ; 8      ; MOBILE     ; STANDARD_RATE ; "claro"    ; "fmt1_4/4"   ; "SV"
7804          ; 8      ; MOBILE     ; STANDARD_RATE ;            ; "fmt1_4/4"   ; "SV"
78[1-3]       ; 8      ; MOBILE     ; STANDARD_RATE ; "movistar" ; "fmt1_4/4"   ; "SV"    ; GOVERNMENT
784[0-4]      ; 8      ; MOBILE     ; STANDARD_RATE ; "claro"    ; "fmt1_4/4"   ; "SV"
784[5-9]      ; 8      ; MOBILE     ; STANDARD_RATE ; "movistar" ; "fmt1_4/4"   ; "SV"    ; GOVERNMENT
7[89][56]     ; 8      ; MOBILE     ; STANDARD_RATE ; "claro"    ; "fmt1_4/4"   ; "SV"    ; GOVERNMENT
79[0-4]       ; 8      ; MOBILE     ; STANDARD_RATE ; "tigo"     ; "fmt1_4/4"   ; "SV"
797           ; 8      ; MOBILE     ; STANDARD_RATE ; "digicel"  ; "fmt1_4/4"   ; "SV"    ; GOVERNMENT
798[0-4]      ; 8      ; MOBILE     ; STANDARD_RATE ; "intelfon" ; "fmt1_4/4"   ; "SV"    ; GOVERNMENT
798[5-9]      ; 8      ; MOBILE     ; STANDARD_RATE ; "claro"    ; "fmt1_4/4"   ; "SV"
799           ; 8      ; MOBILE     ; STANDARD_RATE ; "movistar" ; "fmt1_4/4"   ; "SV"    ; GOVERNMENT
80[01]        ; 7      ; FIXED_LINE ; TOLL_FREE     ;            ; "fmt2_3/4"   ; "SV"    ; GOVERNMENT
800           ; 11     ; FIXED_LINE ; TOLL_FREE     ;            ; "fmt3_3/4/4" ; "SV"    ; GOVERNMENT
900           ; 7      ; FIXED_LINE ; PREMIUM_RATE  ;            ; "fmt2_3/4"   ; "SV"    ; GOVERNMENT
900           ; 11     ; FIXED_LINE ; PREMIUM_RATE  ;            ; "fmt3_3/4/4" ; "SV"    ; GOVERNMENT
