Region ; Prefix    ; Length ; Type               ; Tariff    ; Sms  ; Carrier Specific
HU     ; 10[457]   ; 3      ; EMERGENCY          ; TOLL_FREE
HU     ; 112       ; 3      ; EMERGENCY          ; TOLL_FREE
HU     ; 116000    ; 6      ; EXPANDED_EMERGENCY ; TOLL_FREE
HU     ; 116111    ; 6      ; EXPANDED_EMERGENCY ; TOLL_FREE
HU     ; 116123    ; 6      ; EXPANDED_EMERGENCY ; TOLL_FREE
HU     ; 1220      ; 4      ; COMMERCIAL         ;           ;      ; true
HU     ; 127[02]   ; 4      ; COMMERCIAL         ;           ;      ; true
HU     ; 13700     ; 5      ; COMMERCIAL
HU     ; 13737     ; 5      ; COMMERCIAL
HU     ; 1377[07]  ; 5      ; COMMERCIAL
HU     ; 1414      ; 4      ; COMMERCIAL         ;           ;      ; true
HU     ; 1777      ; 4      ; COMMERCIAL         ;           ;      ; true
HU     ; 181[27-9] ; 4      ; COMMERCIAL
HU     ; 182[04]   ; 4      ; COMMERCIAL
HU     ; 1840      ; 4      ; COMMERCIAL         ;           ; true
HU     ; 18[589]   ; 3      ; COMMERCIAL
