Prefix        ; Length ; Type       ; Tariff        ; Area Code Length ; Operator      ; Format             ; Regions ; Geocode:en                            ; Provenance ; Comment
2[23]         ; 8      ; FIXED_LINE ; STANDARD_RATE ; 1                ;               ; "fixed_line_1/3/4" ; "MK"    ; "Skopje"                              ; ITU
250           ; 8      ; FIXED_LINE ; STANDARD_RATE ; 1                ;               ; "fixed_line_1/3/4" ; "MK"    ; "Skopje"                              ;            ; "FILLUP TO SUPPORT MASTER RANGE"
25[124578]    ; 8      ; FIXED_LINE ; STANDARD_RATE ; 1                ;               ; "fixed_line_1/3/4" ; "MK"    ; "Skopje"                              ; ITU
260[0-8]      ; 8      ; FIXED_LINE ; STANDARD_RATE ; 1                ;               ; "fixed_line_1/3/4" ; "MK"    ; "Skopje"                              ;            ; "FILLUP TO SUPPORT MASTER RANGE"
2609          ; 8      ; FIXED_LINE ; STANDARD_RATE ; 1                ;               ; "fixed_line_1/3/4" ; "MK"    ; "Skopje"                              ; ITU
261[05-9]     ; 8      ; FIXED_LINE ; STANDARD_RATE ; 1                ;               ; "fixed_line_1/3/4" ; "MK"    ; "Skopje"                              ;            ; "FILLUP TO SUPPORT MASTER RANGE"
261[1-4]      ; 8      ; FIXED_LINE ; STANDARD_RATE ; 1                ;               ; "fixed_line_1/3/4" ; "MK"    ; "Skopje"                              ; ITU
282           ; 8      ; FIXED_LINE ; STANDARD_RATE ; 1                ;               ; "fixed_line_1/3/4" ; "MK"    ; "Skopje"                              ;            ; "FILLUP TO SUPPORT MASTER RANGE"
31[34]        ; 8      ; FIXED_LINE ; STANDARD_RATE ; 2                ;               ; "fmt1_2/3/3"       ; "MK"    ; "Kumanovo/Kriva Palanka/Kratovo"      ; ITU
315[0369]     ; 8      ; FIXED_LINE ; STANDARD_RATE ; 2                ;               ; "fmt1_2/3/3"       ; "MK"    ; "Kumanovo/Kriva Palanka/Kratovo"      ;            ; "FILLUP TO SUPPORT MASTER RANGE"
315[124578]   ; 8      ; FIXED_LINE ; STANDARD_RATE ; 2                ;               ; "fmt1_2/3/3"       ; "MK"    ; "Kumanovo/Kriva Palanka/Kratovo"      ; ITU
316[02-9]     ; 8      ; FIXED_LINE ; STANDARD_RATE ; 2                ;               ; "fmt1_2/3/3"       ; "MK"    ; "Kumanovo/Kriva Palanka/Kratovo"      ;            ; "FILLUP TO SUPPORT MASTER RANGE"
3161[0-25-9]  ; 8      ; FIXED_LINE ; STANDARD_RATE ; 2                ;               ; "fmt1_2/3/3"       ; "MK"    ; "Kumanovo/Kriva Palanka/Kratovo"      ;            ; "FILLUP TO SUPPORT MASTER RANGE"
3161[34]      ; 8      ; FIXED_LINE ; STANDARD_RATE ; 2                ;               ; "fmt1_2/3/3"       ; "MK"    ; "Kumanovo/Kriva Palanka/Kratovo"      ; ITU
318           ; 8      ; FIXED_LINE ; STANDARD_RATE ; 2                ;               ; "fmt1_2/3/3"       ; "MK"    ; "Kumanovo/Kriva Palanka/Kratovo"      ;            ; "FILLUP TO SUPPORT MASTER RANGE"
32[2-4]       ; 8      ; FIXED_LINE ; STANDARD_RATE ; 2                ;               ; "fmt1_2/3/3"       ; "MK"    ; "Stip/Probistip/Sveti Nikole/Radovis" ; ITU
325[03689]    ; 8      ; FIXED_LINE ; STANDARD_RATE ; 2                ;               ; "fmt1_2/3/3"       ; "MK"    ; "Stip/Probistip/Sveti Nikole/Radovis" ;            ; "FILLUP TO SUPPORT MASTER RANGE"
325[12457]    ; 8      ; FIXED_LINE ; STANDARD_RATE ; 2                ;               ; "fmt1_2/3/3"       ; "MK"    ; "Stip/Probistip/Sveti Nikole/Radovis" ; ITU
326[034]      ; 8      ; FIXED_LINE ; STANDARD_RATE ; 2                ;               ; "fmt1_2/3/3"       ; "MK"    ; "Stip/Probistip/Sveti Nikole/Radovis" ; ITU
3261[0-36]    ; 8      ; FIXED_LINE ; STANDARD_RATE ; 2                ;               ; "fmt1_2/3/3"       ; "MK"    ; "Stip/Probistip/Sveti Nikole/Radovis" ; ITU
3261[457-9]   ; 8      ; FIXED_LINE ; STANDARD_RATE ; 2                ;               ; "fmt1_2/3/3"       ; "MK"    ; "Stip/Probistip/Sveti Nikole/Radovis" ;            ; "FILLUP TO SUPPORT MASTER RANGE"
326[25-9]     ; 8      ; FIXED_LINE ; STANDARD_RATE ; 2                ;               ; "fmt1_2/3/3"       ; "MK"    ; "Stip/Probistip/Sveti Nikole/Radovis" ;            ; "FILLUP TO SUPPORT MASTER RANGE"
328           ; 8      ; FIXED_LINE ; STANDARD_RATE ; 2                ;               ; "fmt1_2/3/3"       ; "MK"    ; "Stip/Probistip/Sveti Nikole/Radovis" ;            ; "FILLUP TO SUPPORT MASTER RANGE"
33[2-4]       ; 8      ; FIXED_LINE ; STANDARD_RATE ; 2                ;               ; "fmt1_2/3/3"       ; "MK"    ; "Kocani/Berovo/Delcevo/Vinica"        ; ITU
335[03689]    ; 8      ; FIXED_LINE ; STANDARD_RATE ; 2                ;               ; "fmt1_2/3/3"       ; "MK"    ; "Kocani/Berovo/Delcevo/Vinica"        ;            ; "FILLUP TO SUPPORT MASTER RANGE"
335[12457]    ; 8      ; FIXED_LINE ; STANDARD_RATE ; 2                ;               ; "fmt1_2/3/3"       ; "MK"    ; "Kocani/Berovo/Delcevo/Vinica"        ; ITU
336[02-9]     ; 8      ; FIXED_LINE ; STANDARD_RATE ; 2                ;               ; "fmt1_2/3/3"       ; "MK"    ; "Kocani/Berovo/Delcevo/Vinica"        ;            ; "FILLUP TO SUPPORT MASTER RANGE"
3361[013-9]   ; 8      ; FIXED_LINE ; STANDARD_RATE ; 2                ;               ; "fmt1_2/3/3"       ; "MK"    ; "Kocani/Berovo/Delcevo/Vinica"        ;            ; "FILLUP TO SUPPORT MASTER RANGE"
33612         ; 8      ; FIXED_LINE ; STANDARD_RATE ; 2                ;               ; "fmt1_2/3/3"       ; "MK"    ; "Kocani/Berovo/Delcevo/Vinica"        ; ITU
338           ; 8      ; FIXED_LINE ; STANDARD_RATE ; 2                ;               ; "fmt1_2/3/3"       ; "MK"    ; "Kocani/Berovo/Delcevo/Vinica"        ;            ; "FILLUP TO SUPPORT MASTER RANGE"
34[23]        ; 8      ; FIXED_LINE ; STANDARD_RATE ; 2                ;               ; "fmt1_2/3/3"       ; "MK"    ; "Gevgelija/Valandovo/Strumica/Dojran" ; ITU
345[03689]    ; 8      ; FIXED_LINE ; STANDARD_RATE ; 2                ;               ; "fmt1_2/3/3"       ; "MK"    ; "Gevgelija/Valandovo/Strumica/Dojran" ;            ; "FILLUP TO SUPPORT MASTER RANGE"
345[12457]    ; 8      ; FIXED_LINE ; STANDARD_RATE ; 2                ;               ; "fmt1_2/3/3"       ; "MK"    ; "Gevgelija/Valandovo/Strumica/Dojran" ; ITU
3460[0-8]     ; 8      ; FIXED_LINE ; STANDARD_RATE ; 2                ;               ; "fmt1_2/3/3"       ; "MK"    ; "Gevgelija/Valandovo/Strumica/Dojran" ;            ; "FILLUP TO SUPPORT MASTER RANGE"
34609         ; 8      ; FIXED_LINE ; STANDARD_RATE ; 2                ;               ; "fmt1_2/3/3"       ; "MK"    ; "Gevgelija/Valandovo/Strumica/Dojran" ; ITU
3461[03-9]    ; 8      ; FIXED_LINE ; STANDARD_RATE ; 2                ;               ; "fmt1_2/3/3"       ; "MK"    ; "Gevgelija/Valandovo/Strumica/Dojran" ;            ; "FILLUP TO SUPPORT MASTER RANGE"
3461[12]      ; 8      ; FIXED_LINE ; STANDARD_RATE ; 2                ;               ; "fmt1_2/3/3"       ; "MK"    ; "Gevgelija/Valandovo/Strumica/Dojran" ; ITU
346[2-9]      ; 8      ; FIXED_LINE ; STANDARD_RATE ; 2                ;               ; "fmt1_2/3/3"       ; "MK"    ; "Gevgelija/Valandovo/Strumica/Dojran" ;            ; "FILLUP TO SUPPORT MASTER RANGE"
348           ; 8      ; FIXED_LINE ; STANDARD_RATE ; 2                ;               ; "fmt1_2/3/3"       ; "MK"    ; "Gevgelija/Valandovo/Strumica/Dojran" ;            ; "FILLUP TO SUPPORT MASTER RANGE"
42[2-4]       ; 8      ; FIXED_LINE ; STANDARD_RATE ; 2                ;               ; "fmt1_2/3/3"       ; "MK"    ; "Gostivar"                            ; ITU
425[03689]    ; 8      ; FIXED_LINE ; STANDARD_RATE ; 2                ;               ; "fmt1_2/3/3"       ; "MK"    ; "Gostivar"                            ;            ; "FILLUP TO SUPPORT MASTER RANGE"
425[12457]    ; 8      ; FIXED_LINE ; STANDARD_RATE ; 2                ;               ; "fmt1_2/3/3"       ; "MK"    ; "Gostivar"                            ; ITU
426[02-9]     ; 8      ; FIXED_LINE ; STANDARD_RATE ; 2                ;               ; "fmt1_2/3/3"       ; "MK"    ; "Gostivar"                            ;            ; "FILLUP TO SUPPORT MASTER RANGE"
4261[02-9]    ; 8      ; FIXED_LINE ; STANDARD_RATE ; 2                ;               ; "fmt1_2/3/3"       ; "MK"    ; "Gostivar"                            ;            ; "FILLUP TO SUPPORT MASTER RANGE"
42611         ; 8      ; FIXED_LINE ; STANDARD_RATE ; 2                ;               ; "fmt1_2/3/3"       ; "MK"    ; "Gostivar"                            ; ITU
428           ; 8      ; FIXED_LINE ; STANDARD_RATE ; 2                ;               ; "fmt1_2/3/3"       ; "MK"    ; "Gostivar"                            ;            ; "FILLUP TO SUPPORT MASTER RANGE"
43[2-4]       ; 8      ; FIXED_LINE ; STANDARD_RATE ; 2                ;               ; "fmt1_2/3/3"       ; "MK"    ; "Veles/Kavadarci/Negotino"            ; ITU
435[03689]    ; 8      ; FIXED_LINE ; STANDARD_RATE ; 2                ;               ; "fmt1_2/3/3"       ; "MK"    ; "Veles/Kavadarci/Negotino"            ;            ; "FILLUP TO SUPPORT MASTER RANGE"
435[12457]    ; 8      ; FIXED_LINE ; STANDARD_RATE ; 2                ;               ; "fmt1_2/3/3"       ; "MK"    ; "Veles/Kavadarci/Negotino"            ; ITU
4360[0-8]     ; 8      ; FIXED_LINE ; STANDARD_RATE ; 2                ;               ; "fmt1_2/3/3"       ; "MK"    ; "Veles/Kavadarci/Negotino"            ;            ; "FILLUP TO SUPPORT MASTER RANGE"
43609         ; 8      ; FIXED_LINE ; STANDARD_RATE ; 2                ;               ; "fmt1_2/3/3"       ; "MK"    ; "Veles/Kavadarci/Negotino"            ; ITU
4361[01457-9] ; 8      ; FIXED_LINE ; STANDARD_RATE ; 2                ;               ; "fmt1_2/3/3"       ; "MK"    ; "Veles/Kavadarci/Negotino"            ;            ; "FILLUP TO SUPPORT MASTER RANGE"
4361[236]     ; 8      ; FIXED_LINE ; STANDARD_RATE ; 2                ;               ; "fmt1_2/3/3"       ; "MK"    ; "Veles/Kavadarci/Negotino"            ; ITU
436[2-9]      ; 8      ; FIXED_LINE ; STANDARD_RATE ; 2                ;               ; "fmt1_2/3/3"       ; "MK"    ; "Veles/Kavadarci/Negotino"            ;            ; "FILLUP TO SUPPORT MASTER RANGE"
438           ; 8      ; FIXED_LINE ; STANDARD_RATE ; 2                ;               ; "fmt1_2/3/3"       ; "MK"    ; "Veles/Kavadarci/Negotino"            ;            ; "FILLUP TO SUPPORT MASTER RANGE"
44[34]        ; 8      ; FIXED_LINE ; STANDARD_RATE ; 2                ;               ; "fmt1_2/3/3"       ; "MK"    ; "Tetovo"                              ; ITU
445[03689]    ; 8      ; FIXED_LINE ; STANDARD_RATE ; 2                ;               ; "fmt1_2/3/3"       ; "MK"    ; "Tetovo"                              ;            ; "FILLUP TO SUPPORT MASTER RANGE"
445[12457]    ; 8      ; FIXED_LINE ; STANDARD_RATE ; 2                ;               ; "fmt1_2/3/3"       ; "MK"    ; "Tetovo"                              ; ITU
446[02-9]     ; 8      ; FIXED_LINE ; STANDARD_RATE ; 2                ;               ; "fmt1_2/3/3"       ; "MK"    ; "Tetovo"                              ;            ; "FILLUP TO SUPPORT MASTER RANGE"
4461[024-9]   ; 8      ; FIXED_LINE ; STANDARD_RATE ; 2                ;               ; "fmt1_2/3/3"       ; "MK"    ; "Tetovo"                              ;            ; "FILLUP TO SUPPORT MASTER RANGE"
4461[13]      ; 8      ; FIXED_LINE ; STANDARD_RATE ; 2                ;               ; "fmt1_2/3/3"       ; "MK"    ; "Tetovo"                              ; ITU
448           ; 8      ; FIXED_LINE ; STANDARD_RATE ; 2                ;               ; "fmt1_2/3/3"       ; "MK"    ; "Tetovo"                              ;            ; "FILLUP TO SUPPORT MASTER RANGE"
452           ; 8      ; FIXED_LINE ; STANDARD_RATE ; 2                ;               ; "fmt1_2/3/3"       ; "MK"    ; "Kicevo/Makedonski Brod"              ; ITU
455[03689]    ; 8      ; FIXED_LINE ; STANDARD_RATE ; 2                ;               ; "fmt1_2/3/3"       ; "MK"    ; "Kicevo/Makedonski Brod"              ;            ; "FILLUP TO SUPPORT MASTER RANGE"
455[12457]    ; 8      ; FIXED_LINE ; STANDARD_RATE ; 2                ;               ; "fmt1_2/3/3"       ; "MK"    ; "Kicevo/Makedonski Brod"              ; ITU
456[02-9]     ; 8      ; FIXED_LINE ; STANDARD_RATE ; 2                ;               ; "fmt1_2/3/3"       ; "MK"    ; "Kicevo/Makedonski Brod"              ;            ; "FILLUP TO SUPPORT MASTER RANGE"
4561[02-9]    ; 8      ; FIXED_LINE ; STANDARD_RATE ; 2                ;               ; "fmt1_2/3/3"       ; "MK"    ; "Kicevo/Makedonski Brod"              ;            ; "FILLUP TO SUPPORT MASTER RANGE"
45611         ; 8      ; FIXED_LINE ; STANDARD_RATE ; 2                ;               ; "fmt1_2/3/3"       ; "MK"    ; "Kicevo/Makedonski Brod"              ; ITU
458           ; 8      ; FIXED_LINE ; STANDARD_RATE ; 2                ;               ; "fmt1_2/3/3"       ; "MK"    ; "Kicevo/Makedonski Brod"              ;            ; "FILLUP TO SUPPORT MASTER RANGE"
46[278]       ; 8      ; FIXED_LINE ; STANDARD_RATE ; 2                ;               ; "fmt1_2/3/3"       ; "MK"    ; "Ohrid/Struga/Debar"                  ; ITU
465[03689]    ; 8      ; FIXED_LINE ; STANDARD_RATE ; 2                ;               ; "fmt1_2/3/3"       ; "MK"    ; "Ohrid/Struga/Debar"                  ;            ; "FILLUP TO SUPPORT MASTER RANGE"
465[12457]    ; 8      ; FIXED_LINE ; STANDARD_RATE ; 2                ;               ; "fmt1_2/3/3"       ; "MK"    ; "Ohrid/Struga/Debar"                  ; ITU
466[02-9]     ; 8      ; FIXED_LINE ; STANDARD_RATE ; 2                ;               ; "fmt1_2/3/3"       ; "MK"    ; "Ohrid/Struga/Debar"                  ;            ; "FILLUP TO SUPPORT MASTER RANGE"
4661[03-9]    ; 8      ; FIXED_LINE ; STANDARD_RATE ; 2                ;               ; "fmt1_2/3/3"       ; "MK"    ; "Ohrid/Struga/Debar"                  ;            ; "FILLUP TO SUPPORT MASTER RANGE"
4661[12]      ; 8      ; FIXED_LINE ; STANDARD_RATE ; 2                ;               ; "fmt1_2/3/3"       ; "MK"    ; "Ohrid/Struga/Debar"                  ; ITU
47[24]        ; 8      ; FIXED_LINE ; STANDARD_RATE ; 2                ;               ; "fmt1_2/3/3"       ; "MK"    ; "Bitola/Demir Hisar/Resen"            ; ITU
475[03689]    ; 8      ; FIXED_LINE ; STANDARD_RATE ; 2                ;               ; "fmt1_2/3/3"       ; "MK"    ; "Bitola/Demir Hisar/Resen"            ;            ; "FILLUP TO SUPPORT MASTER RANGE"
475[12457]    ; 8      ; FIXED_LINE ; STANDARD_RATE ; 2                ;               ; "fmt1_2/3/3"       ; "MK"    ; "Bitola/Demir Hisar/Resen"            ; ITU
4760[08]      ; 8      ; FIXED_LINE ; STANDARD_RATE ; 2                ;               ; "fmt1_2/3/3"       ; "MK"    ; "Bitola/Demir Hisar/Resen"            ;            ; "FILLUP TO SUPPORT MASTER RANGE"
4760[1-7]     ; 8      ; FIXED_LINE ; STANDARD_RATE ; 2                ;               ; "fmt1_2/3/3"       ; "MK"    ;                                       ;            ; "FILLUP TO SUPPORT MASTER RANGE"
47609         ; 8      ; FIXED_LINE ; STANDARD_RATE ; 2                ;               ; "fmt1_2/3/3"       ; "MK"    ; "Bitola/Demir Hisar/Resen"            ; ITU
4761[026]     ; 8      ; FIXED_LINE ; STANDARD_RATE ; 2                ;               ; "fmt1_2/3/3"       ; "MK"    ; "Bitola/Demir Hisar/Resen"            ; ITU
4761[13-57-9] ; 8      ; FIXED_LINE ; STANDARD_RATE ; 2                ;               ; "fmt1_2/3/3"       ; "MK"    ; "Bitola/Demir Hisar/Resen"            ;            ; "FILLUP TO SUPPORT MASTER RANGE"
476[2-9]      ; 8      ; FIXED_LINE ; STANDARD_RATE ; 2                ;               ; "fmt1_2/3/3"       ; "MK"    ; "Bitola/Demir Hisar/Resen"            ;            ; "FILLUP TO SUPPORT MASTER RANGE"
478           ; 8      ; FIXED_LINE ; STANDARD_RATE ; 2                ;               ; "fmt1_2/3/3"       ; "MK"    ; "Bitola/Demir Hisar/Resen"            ;            ; "FILLUP TO SUPPORT MASTER RANGE"
484           ; 8      ; FIXED_LINE ; STANDARD_RATE ; 2                ;               ; "fmt1_2/3/3"       ; "MK"    ; "Prilep/Krusevo"                      ; ITU
485[03689]    ; 8      ; FIXED_LINE ; STANDARD_RATE ; 2                ;               ; "fmt1_2/3/3"       ; "MK"    ; "Prilep/Krusevo"                      ;            ; "FILLUP TO SUPPORT MASTER RANGE"
485[12457]    ; 8      ; FIXED_LINE ; STANDARD_RATE ; 2                ;               ; "fmt1_2/3/3"       ; "MK"    ; "Prilep/Krusevo"                      ; ITU
4860          ; 8      ; FIXED_LINE ; STANDARD_RATE ; 2                ;               ; "fmt1_2/3/3"       ; "MK"    ;                                       ;            ; "FILLUP TO SUPPORT MASTER RANGE"
4861[0-57-9]  ; 8      ; FIXED_LINE ; STANDARD_RATE ; 2                ;               ; "fmt1_2/3/3"       ; "MK"    ; "Prilep/Krusevo"                      ;            ; "FILLUP TO SUPPORT MASTER RANGE"
48616         ; 8      ; FIXED_LINE ; STANDARD_RATE ; 2                ;               ; "fmt1_2/3/3"       ; "MK"    ; "Prilep/Krusevo"                      ; ITU
486[2-9]      ; 8      ; FIXED_LINE ; STANDARD_RATE ; 2                ;               ; "fmt1_2/3/3"       ; "MK"    ; "Prilep/Krusevo"                      ;            ; "FILLUP TO SUPPORT MASTER RANGE"
488           ; 8      ; FIXED_LINE ; STANDARD_RATE ; 2                ;               ; "fmt1_2/3/3"       ; "MK"    ; "Prilep/Krusevo"                      ;            ; "FILLUP TO SUPPORT MASTER RANGE"
5[02-9]       ; 8      ; FIXED_LINE ; PREMIUM_RATE  ;                  ;               ; "var_cost_3/1/2/2" ; "MK"    ;                                       ;            ; "FILLUP TO SUPPORT MASTER RANGE"
7[0-2]        ; 8      ; MOBILE     ; STANDARD_RATE ;                  ; "t_mobile"    ; "fmt1_2/3/3"       ; "MK"    ;                                       ; ITU
732           ; 8      ; MOBILE     ; STANDARD_RATE ;                  ; "vip"         ; "fmt1_2/3/3"       ; "MK"    ;                                       ; IR21
733           ; 8      ; MOBILE     ; STANDARD_RATE ;                  ; "alo_telecom" ; "fmt1_2/3/3"       ; "MK"    ;                                       ; ITU
7340          ; 8      ; MOBILE     ; STANDARD_RATE ;                  ; "vip"         ; "fmt1_2/3/3"       ; "MK"    ;                                       ; IR21
734[1-9]      ; 8      ; MOBILE     ; STANDARD_RATE ;                  ; "vip"         ; "fmt1_2/3/3"       ; "MK"    ;                                       ;            ; "FILLUP TO SUPPORT MASTER RANGE"
742[02-9]     ; 8      ; MOBILE     ; STANDARD_RATE ;                  ; "t_mobile"    ; "fmt1_2/3/3"       ; "MK"    ;                                       ; IR21
7421          ; 8      ; MOBILE     ; STANDARD_RATE ;                  ; "mobik"       ; "fmt1_2/3/3"       ; "MK"    ;                                       ; ITU
7460          ; 8      ; MOBILE     ; STANDARD_RATE ;                  ; "t_mobile"    ; "fmt1_2/3/3"       ; "MK"    ;                                       ; IR21
74747         ; 8      ; MOBILE     ; STANDARD_RATE ;                  ; "t_mobile"    ; "fmt1_2/3/3"       ; "MK"    ;                                       ; IR21
7[5-8]        ; 8      ; MOBILE     ; STANDARD_RATE ;                  ; "vip"         ; "fmt1_2/3/3"       ; "MK"    ;                                       ; IR21
79[23]        ; 8      ; MOBILE     ; STANDARD_RATE ;                  ; "lycamobile"  ; "fmt1_2/3/3"       ; "MK"    ;                                       ; IR21
794[01]       ; 8      ; MOBILE     ; STANDARD_RATE ;                  ; "lycamobile"  ; "fmt1_2/3/3"       ; "MK"    ;                                       ; IR21
7942[0-4]     ; 8      ; MOBILE     ; STANDARD_RATE ;                  ; "lycamobile"  ; "fmt1_2/3/3"       ; "MK"    ;                                       ; IR21
800           ; 8      ; FIXED_LINE ; TOLL_FREE     ;                  ;               ; "var_cost_3/1/2/2" ; "MK"    ;                                       ;            ; "FILLUP TO SUPPORT MASTER RANGE"
80[1-9]       ; 8      ; FIXED_LINE ; SHARED_COST   ;                  ;               ; "var_cost_3/1/2/2" ; "MK"    ;                                       ;            ; "FILLUP TO SUPPORT MASTER RANGE"
8[1-9]        ; 8      ; FIXED_LINE ; SHARED_COST   ;                  ;               ; "var_cost_3/1/2/2" ; "MK"    ;                                       ;            ; "FILLUP TO SUPPORT MASTER RANGE"
