Id               ; National              ; International  ; Comment
fixed_1/4/4      ; "#X-XXXX-XXXX"        ; "X-XXXX-XXXX"
fixed_2/3/4      ; "#XX-XXX-XXXX"        ; "XX-XXX-XXXX"
fixed_3/2/4      ; "#XXX-XX-XXXX"        ; "XXX-XX-XXXX"
fixed_4/1/4      ; "#XXXX-X-XXXX"        ; "XXXX-X-XXXX"
fmt10_2/4/4      ; "#XX-XXXX-XXXX"       ; "XX-XXXX-XXXX"
personal_2/3/4   ; "#XX-XXX-XXXX"        ; "XX-XXX-XXXX"
shortcode_8-10   ; "XXXXXXXX**"
tollfree_3/3/4   ; "#XXX-XXX-XXXX"       ; "XXX-XXX-XXXX"
tollfree_4/2/3-4 ; "XXXX-XX-XXX*"
tollfree_4/2/4   ; "XXXX-XX-XXXX"
tollfree_4/3/3-4 ; "XXXX-XXX-XXX*"
tollfree_4/4     ; "XXXX-XXXX"           ;                ; "National-only toll-free numbers (0037, 0066, 0077 and 0088)."
tollfree_4/4/4-5 ; "XXXX-XXXX-XXXX*"
tollfree_4/5/5-6 ; "XXXX-XXXXX-XXXXX*"
tollfree_4/6/6-7 ; "XXXX-XXXXXX-XXXXXX*"
varrate_3/3/3    ; "#XXX-XXX-XXX"        ; "XXX-XXX-XXX"  ; "Toll-free, premium-rate and UAN numbers"
