Prefix      ; Length ; Type       ; Tariff        ; Operator ; Format       ; Regions ; Provenance ; Comment
[14-69]     ; 7      ; FIXED_LINE ; STANDARD_RATE ;          ; "fmt1_1/3/3" ; "LB"    ; ITU
3[06-9]     ; 7      ; MOBILE     ; STANDARD_RATE ; "touch"  ; "fmt1_1/3/3" ; "LB"    ; IR21       ; "IR21 dated 6/26/2018"
3[1-5]      ; 7      ; MOBILE     ; STANDARD_RATE ; "alfa"   ; "fmt1_1/3/3" ; "LB"    ; IR21       ; "IR21 dated 10/23/2018"
7[06][06-9] ; 8      ; MOBILE     ; STANDARD_RATE ; "touch"  ; "fmt2_2/3/3" ; "LB"    ; IR21       ; "IR21 dated 6/26/2018"
70[1-5]     ; 8      ; MOBILE     ; STANDARD_RATE ; "alfa"   ; "fmt2_2/3/3" ; "LB"    ; IR21       ; "IR21 dated 10/23/2018"
71[06-9]    ; 8      ; MOBILE     ; STANDARD_RATE ; "alfa"   ; "fmt2_2/3/3" ; "LB"    ; IR21       ; "IR21 dated 10/23/2018"
71[1-5]     ; 8      ; MOBILE     ; STANDARD_RATE ; "touch"  ; "fmt2_2/3/3" ; "LB"    ; IR21       ; "IR21 dated 6/26/2018"
7[2-57]     ; 7      ; FIXED_LINE ; STANDARD_RATE ;          ; "fmt1_1/3/3" ; "LB"    ; ITU
76[13-5]    ; 8      ; MOBILE     ; STANDARD_RATE ; "alfa"   ; "fmt2_2/3/3" ; "LB"    ; IR21       ; "IR21 dated 10/23/2018"
762         ; 7      ; FIXED_LINE ; STANDARD_RATE ;          ; "fmt1_1/3/3" ; "LB"    ; ITU
78[0-7]     ; 7      ; FIXED_LINE ; STANDARD_RATE ;          ; "fmt1_1/3/3" ; "LB"    ; ITU
78[89]      ; 8      ; MOBILE     ; STANDARD_RATE ; "touch"  ; "fmt2_2/3/3" ; "LB"    ; IR21       ; "IR21 dated 6/26/2018"
79[04-9]    ; 7      ; FIXED_LINE ; STANDARD_RATE ;          ; "fmt1_1/3/3" ; "LB"    ; ITU
791         ; 8      ; MOBILE     ; STANDARD_RATE ; "alfa"   ; "fmt2_2/3/3" ; "LB"    ; IR21       ; "IR21 dated 10/23/2018"
792         ; 8      ; MOBILE     ; STANDARD_RATE ;          ; "fmt2_2/3/3" ; "LB"
793[01]     ; 8      ; MOBILE     ; STANDARD_RATE ; "alfa"   ; "fmt2_2/3/3" ; "LB"    ; IR21       ; "IR21 dated 10/23/2018"
7932[0-4]   ; 8      ; MOBILE     ; STANDARD_RATE ; "alfa"   ; "fmt2_2/3/3" ; "LB"    ; IR21       ; "IR21 dated 10/23/2018"
8[02-9]     ; 7      ; FIXED_LINE ; STANDARD_RATE ;          ; "fmt1_1/3/3" ; "LB"    ; ITU
80          ; 8      ; FIXED_LINE ; SHARED_COST   ;          ; "fmt2_2/3/3" ; "LB"    ; ITU
81[06-9]    ; 8      ; MOBILE     ; STANDARD_RATE ; "touch"  ; "fmt2_2/3/3" ; "LB"    ; IR21       ; "IR21 dated 6/26/2018"
81[1-5]     ; 8      ; MOBILE     ; STANDARD_RATE ; "alfa"   ; "fmt2_2/3/3" ; "LB"    ; IR21       ; "IR21 dated 10/23/2018"
9[01]       ; 8      ; FIXED_LINE ; PREMIUM_RATE  ;          ; "fmt2_2/3/3" ; "LB"    ; ITU
